ticker,date,dividends,currency
PHOR,2015-01-11,20.0,RUR
GCHE,2015-04-17,54.6,RUR
LSRG,2015-04-18,78.0,RUR
KAZT,2015-05-05,2.0,RUR
KAZTP,2015-05-05,2.0,RUR
NVTK,2015-05-05,5.2,RUR
MTSS,2015-07-07,19.56,RUR
NKNC,2015-05-09,1.52,RUR
NKNCP,2015-05-09,1.52,RUR
MOEX,2015-05-12,3.87,RUR
TTLK,2015-05-12,0.005,RUR
KZOS,2015-05-19,1.0105,RUR
KZOSP,2015-05-19,0.25,RUR
GMKN,2015-05-25,670.04,RUR
MSTT,2015-05-25,7.09,RUR
VSMO,2015-05-28,831.07,RUR
AKRN,2015-06-02,139.0,RUR
CHMF,2015-06-05,14.65,RUR
CHMF,2015-06-05,12.81,RUR
IRAO,2015-06-09,0.001039679119,RUR
VZRZP,2015-06-11,2.0,RUR
SBER,2015-06-15,0.45,RUR
SBERP,2015-06-15,0.45,RUR
NLMK,2015-06-16,1.56,RUR
NLMK,2015-06-16,1.64,RUR
MGNT,2015-06-19,132.57,RUR
PHOR,2015-06-19,15.0,RUR
SIBN,2015-06-22,1.85,RUR
MSNG,2015-06-24,0.01,RUR
OGKB,2015-06-25,0.00814151591815,RUR
ENRU,2015-06-29,0.080731,RUR
MRKP,2015-06-29,0.0031,RUR
MRKU,2015-06-29,0.0058,RUR
MRKV,2015-06-29,0.0001,RUR
MVID,2015-06-29,27.0,RUR
ROSN,2015-06-29,8.21,RUR
BSPB,2015-07-03,2.02,RUR
CNTLP,2015-07-03,0.5813052,RUR
RTKM,2015-07-03,3.34108279423228,RUR
RTKMP,2015-07-03,4.050033904632,RUR
MSRS,2015-07-06,0.0422,RUR
VTBR,2015-07-06,0.00117,RUR
HYDR,2015-07-07,0.01561855,RUR
MRKC,2015-07-07,0.0197,RUR
PMSBP,2015-07-07,6.854557,RUR
UPRO,2015-07-07,0.2776423960677,RUR
ZVEZ,2015-07-07,0.01,RUR
KRKNP,2015-07-08,1713.22,RUR
MGTSP,2015-07-08,56.27,RUR
MRKS,2015-07-08,0.0003,RUR
TGKA,2015-07-10,0.000225403,RUR
TRCN,2015-07-10,70.96,RUR
MTLRP,2015-07-11,0.05,RUR
UNAC,2015-07-11,0.001971,RUR
NKHP,2015-07-12,5.17292,RUR
MFON,2015-07-13,16.13,RUR
NMTP,2015-07-13,0.2336,RUR
LKOH,2015-07-14,94.0,RUR
OMZZP,2015-07-14,0.012,RUR
ALRS,2015-07-15,1.47,RUR
HIMCP,2015-07-15,0.00053,RUR
IRKT,2015-07-15,0.2075,RUR
TATN,2015-07-15,10.58,RUR
TATNP,2015-07-15,10.58,RUR
AFKS,2015-07-16,0.47,RUR
FEES,2015-07-16,0.0006647883,RUR
GAZP,2015-07-16,7.2,RUR
SNGS,2015-07-16,0.65,RUR
SNGSP,2015-07-16,8.21,RUR
BANE,2015-07-17,113.0,RUR
BANEP,2015-07-17,113.0,RUR
DSKY,2015-07-19,1.1354,RUR
TRNFP,2015-07-20,757.87,RUR
PHOR,2015-07-25,48.0,RUR
MTSS,2015-10-14,5.61,RUR
GMKN,2015-09-25,305.07,RUR
CHMF,2015-09-28,12.63,RUR
KAZT,2015-10-02,0.7,RUR
KAZTP,2015-10-02,0.7,RUR
NVTK,2015-10-06,6.6,RUR
GCHE,2015-10-09,22.75,RUR
KRSBP,2015-10-09,0.27715538627,RUR
MAGN,2015-10-09,0.58,RUR
MGNT,2015-10-09,88.4,RUR
VSMO,2015-10-09,788.0,RUR
NLMK,2015-10-12,0.93,RUR
SIBN,2015-10-16,5.92,RUR
PHOR,2015-10-17,57.0,RUR
MRSB,2015-12-14,0.0309971,RUR
DSKY,2015-12-15,1.9215,RUR
DSKY,2015-12-15,0.9656,RUR
NKHP,2015-12-20,14.79356,RUR
CHMF,2015-12-21,13.17,RUR
KAZT,2015-12-22,1.0,RUR
KAZTP,2015-12-22,1.0,RUR
MFON,2015-12-22,64.51,RUR
LKOH,2015-12-24,65.0,RUR
GMKN,2015-12-30,321.95,RUR
MGNT,2016-01-08,179.77,RUR
NLMK,2016-01-08,1.95,RUR
PHOR,2016-01-26,63.0,RUR
LSRG,2016-04-18,78.0,RUR
GCHE,2016-05-03,22.75,RUR
KAZT,2016-05-04,2.8,RUR
KAZTP,2016-05-04,2.8,RUR
NKNC,2016-05-04,4.34,RUR
NKNCP,2016-05-04,4.34,RUR
NVTK,2016-05-04,6.9,RUR
TTLK,2016-05-10,0.01136,RUR
KZOS,2016-05-12,3.2261,RUR
KZOSP,2016-05-12,0.25,RUR
MOEX,2016-05-16,7.11,RUR
VSMO,2016-05-27,458.22,RUR
BSPB,2016-06-07,1.05,RUR
MAGN,2016-06-07,0.31,RUR
PHOR,2016-06-11,57.0,RUR
AKRN,2016-06-14,180.0,RUR
NLMK,2016-06-14,2.43,RUR
NLMK,2016-06-14,1.13,RUR
SBER,2016-06-14,1.97,RUR
SBERP,2016-06-14,1.97,RUR
KRSBP,2016-06-15,0.766706855786,RUR
MGNT,2016-06-17,42.3,RUR
MSNG,2016-06-17,0.05665,RUR
OGKB,2016-06-20,0.00567376233395,RUR
GMKN,2016-06-21,230.14,RUR
IRAO,2016-06-21,0.0178230516552,RUR
MRKU,2016-06-24,0.0142,RUR
MRKY,2016-06-24,0.002852693,RUR
NKHP,2016-06-24,2.60952,RUR
MSRS,2016-06-26,0.1297,RUR
MRKC,2016-06-27,0.0108,RUR
MRKP,2016-06-27,0.008363605,RUR
MRKZ,2016-06-27,0.004254,RUR
PRTK,2016-06-27,11.0,RUR
PRTK,2016-06-27,5.0,RUR
ROSN,2016-06-27,11.75,RUR
SIBN,2016-06-27,0.55,RUR
MRKV,2016-06-28,0.0012742732,RUR
PMSBP,2016-06-30,6.877463,RUR
MVID,2016-07-01,20.0,RUR
UPRO,2016-07-04,0.197253780372175,RUR
VRSB,2016-07-04,2.67137,RUR
VTBR,2016-07-04,0.00117,RUR
CHMF,2016-07-05,20.27,RUR
CHMF,2016-07-05,8.25,RUR
MTSS,2016-07-05,14.01,RUR
NMTP,2016-07-05,0.0519216,RUR
TGKA,2016-07-07,0.000243004,RUR
CNTLP,2016-07-08,0.0241864,RUR
HYDR,2016-07-08,0.038863,RUR
RTKM,2016-07-08,5.915466946266,RUR
RTKMP,2016-07-08,5.915466946266,RUR
TATN,2016-07-08,10.96,RUR
TATNP,2016-07-08,10.96,RUR
FEES,2016-07-11,0.0133185,RUR
MFON,2016-07-11,48.38,RUR
MFON,2016-07-11,8.06,RUR
MSTT,2016-07-11,10.64,RUR
MTLRP,2016-07-11,0.05,RUR
LKOH,2016-07-12,112.0,RUR
KRKNP,2016-07-13,1734.32,RUR
AFKS,2016-07-14,0.67,RUR
BANE,2016-07-15,164.0,RUR
BANEP,2016-07-15,164.0,RUR
DSKY,2016-07-17,1.77,RUR
IRKT,2016-07-17,0.6,RUR
HIMCP,2016-07-18,0.10497,RUR
MGTSP,2016-07-18,222.0,RUR
OMZZP,2016-07-18,0.012,RUR
SNGS,2016-07-18,0.6,RUR
SNGSP,2016-07-18,6.92,RUR
ALRS,2016-07-19,2.09,RUR
RSTI,2016-07-19,0.00831813,RUR
RSTIP,2016-07-19,0.07452614,RUR
GAZP,2016-07-20,7.89,RUR
TRNFP,2016-07-20,823.31,RUR
PHOR,2016-08-10,63.0,RUR
PRMB,2016-08-29,200.0,RUR
NMTP,2016-09-14,0.467,RUR
CHMF,2016-09-16,19.66,RUR
AKRN,2016-09-20,155.0,RUR
TRCN,2016-09-20,251.84,RUR
TRCN,2016-09-20,95.76,RUR
MGNT,2016-09-23,84.6,RUR
KAZT,2016-10-02,1.0,RUR
KAZTP,2016-10-02,1.0,RUR
VSMO,2016-10-03,816.0,RUR
AFKS,2016-10-07,0.38,RUR
MAGN,2016-10-11,0.72,RUR
NVTK,2016-10-11,6.9,RUR
NLMK,2016-10-12,1.08,RUR
MTSS,2016-10-14,11.99,RUR
PHOR,2016-10-14,33.0,RUR
HIMCP,2016-12-04,0.4758,RUR
DSKY,2016-12-12,4.22,RUR
PRTK,2016-12-12,7.5,RUR
CHMF,2016-12-13,24.96,RUR
MRSB,2016-12-13,0.052,RUR
KAZT,2016-12-18,1.0,RUR
KAZTP,2016-12-18,1.0,RUR
UPRO,2016-12-19,0.1158,RUR
MFON,2016-12-20,24.19,RUR
NKHP,2016-12-21,9.46,RUR
LKOH,2016-12-23,75.0,RUR
MGNT,2016-12-23,126.12,RUR
GMKN,2016-12-28,444.25,RUR
NLMK,2017-01-09,3.63,RUR
PHOR,2017-01-27,39.0,RUR
KAZT,2017-05-10,1.0,RUR
KAZTP,2017-05-10,1.0,RUR
KZOS,2017-04-24,5.0726,RUR
KZOSP,2017-04-24,0.25,RUR
GCHE,2017-05-01,13.65,RUR
NVTK,2017-05-02,7.0,RUR
VTBR,2017-05-10,0.00117,RUR
MOEX,2017-05-16,7.68,RUR
TTLK,2017-05-16,0.0091,RUR
NMTP,2017-05-29,0.7788237,RUR
BSPB,2017-05-31,1.05,RUR
VSMO,2017-06-05,1300.0,RUR
MAGN,2017-06-06,1.242,RUR
PMSBP,2017-06-08,6.975408,RUR
KRSBP,2017-06-13,0.444344266,RUR
PHOR,2017-06-13,30.0,RUR
MSNG,2017-06-14,0.08482,RUR
NLMK,2017-06-14,3.38,RUR
NLMK,2017-06-14,2.35,RUR
SBER,2017-06-14,6.0,RUR
SBERP,2017-06-14,6.0,RUR
MRKP,2017-06-16,0.011793,RUR
CHMF,2017-06-20,27.73,RUR
CHMF,2017-06-20,24.44,RUR
IRAO,2017-06-20,0.146819923371648,RUR
LSRG,2017-06-20,78.0,RUR
MRKU,2017-06-20,0.0083,RUR
OGKB,2017-06-20,0.00825304739908,RUR
MRKC,2017-06-21,0.044215195,RUR
MSRS,2017-06-21,0.031205,RUR
GMKN,2017-06-23,446.1,RUR
MGNT,2017-06-23,67.41,RUR
LSNGP,2017-06-26,8.107405,RUR
MRKV,2017-06-26,0.0070440486,RUR
MRKZ,2017-06-26,0.0011608,RUR
SIBN,2017-06-26,10.68,RUR
ENRU,2017-06-28,0.06822,RUR
OMZZP,2017-07-03,0.012,RUR
ROSN,2017-07-03,5.98,RUR
UPRO,2017-07-04,0.093676292284,RUR
UPRO,2017-07-04,0.0173489836955,RUR
CNTLP,2017-07-07,0.0164246,RUR
RTKM,2017-07-07,5.387002045593,RUR
RTKMP,2017-07-07,5.387002045593,RUR
TATN,2017-07-07,22.81,RUR
TATNP,2017-07-07,22.81,RUR
TGKA,2017-07-07,0.000345336,RUR
HYDR,2017-07-10,0.0466245,RUR
LKOH,2017-07-10,120.0,RUR
MTSS,2017-07-10,15.6,RUR
NKHP,2017-07-10,2.359939,RUR
PRMB,2017-07-10,500.0,RUR
AKRN,2017-07-11,95.0,RUR
HIMCP,2017-07-11,0.1634,RUR
MFON,2017-07-11,32.25,RUR
MTLRP,2017-07-11,10.28,RUR
TRCN,2017-07-11,46.81,RUR
VZRZP,2017-07-11,7.7,RUR
BANEP,2017-07-12,0.1,RUR
KMAZ,2017-07-12,0.42,RUR
AFKS,2017-07-13,0.81,RUR
KRKNP,2017-07-13,1051.46,RUR
MGTSP,2017-07-13,233.0,RUR
AFLT,2017-07-14,17.4795,RUR
DSKY,2017-07-17,3.48,RUR
IRKT,2017-07-17,0.9,RUR
PHOR,2017-07-17,21.0,RUR
PLZL,2017-07-17,152.41,RUR
MSTT,2017-07-18,10.64,RUR
FEES,2017-07-19,0.0142663525,RUR
FEES,2017-07-19,0.001116473,RUR
RSTI,2017-07-19,0.00621446,RUR
RSTIP,2017-07-19,0.368355281,RUR
SNGS,2017-07-19,0.6,RUR
SNGSP,2017-07-19,0.6,RUR
ALRS,2017-07-20,8.93,RUR
GAZP,2017-07-20,8.0397,RUR
TRNFP,2017-07-20,4296.48,RUR
MTSS,2017-10-13,10.4,RUR
NKHP,2017-09-08,7.406955,RUR
HIMCP,2017-09-10,0.1198,RUR
MGNT,2017-09-15,115.51,RUR
TRNFP,2017-09-19,3875.49,RUR
PLZL,2017-09-25,104.3,RUR
AKRN,2017-09-26,235.0,RUR
CHMF,2017-09-26,22.28,RUR
MOEX,2017-09-29,2.49,RUR
KAZT,2017-10-08,1.0,RUR
KAZTP,2017-10-08,1.0,RUR
GCHE,2017-10-07,18.84875996,RUR
GCHE,2017-10-07,34.4209283,RUR
GCHE,2017-10-07,1.7059669,RUR
GCHE,2017-10-07,4.846326,RUR
MAGN,2017-10-10,0.869,RUR
NVTK,2017-10-10,6.95,RUR
ROSN,2017-10-10,3.83,RUR
NLMK,2017-10-12,3.2,RUR
PHOR,2017-10-13,24.0,RUR
GMKN,2017-10-19,224.2,RUR
VSMO,2017-10-19,762.68,RUR
VRSB,2017-11-14,1.28677,RUR
CHMF,2017-12-05,35.61,RUR
AFKS,2017-12-08,0.68,RUR
HIMCP,2017-12-11,0.202,RUR
PRTK,2017-12-11,5.67,RUR
BANE,2017-12-12,148.31,RUR
BANEP,2017-12-12,148.31,RUR
DSKY,2017-12-15,2.97,RUR
NKHP,2017-12-15,6.8,RUR
UPRO,2017-12-18,0.1110252759795,RUR
MAGN,2017-12-19,1.111,RUR
MSTT,2017-12-19,8.45,RUR
LKOH,2017-12-22,85.0,RUR
TATN,2017-12-23,27.78,RUR
TATNP,2017-12-23,27.78,RUR
SFIN,2017-12-26,13.0,RUR
SIBN,2017-12-29,10.0,RUR
KAZT,2018-01-08,1.0,RUR
KAZTP,2018-01-08,1.0,RUR
NLMK,2018-01-09,5.13,RUR
AKRN,2018-01-23,112.0,RUR
PHOR,2018-03-12,21.0,RUR
HIMCP,2018-03-25,0.119,RUR
GCHE,2018-04-03,75.07,RUR
NVTK,2018-05-03,8.0,RUR
KAZT,2018-05-10,2.0,RUR
KAZTP,2018-05-10,2.0,RUR
MOEX,2018-05-15,5.47,RUR
TTLK,2018-05-15,0.019222,RUR
TRCN,2018-05-28,293.04,RUR
DSKY,2018-05-29,3.88,RUR
PMSBP,2018-05-30,8.367593,RUR
IRAO,2018-06-01,0.130383141762452,RUR
BSPB,2018-06-04,1.62,RUR
VTBR,2018-06-04,0.00345349138975912,RUR
VSMO,2018-06-06,890.45,RUR
SFIN,2018-06-08,17.25,RUR
PLZL,2018-06-10,147.12,RUR
MRKP,2018-06-12,0.040247,RUR
MAGN,2018-06-13,0.806,RUR
MRKC,2018-06-13,0.0208212,RUR
MRKU,2018-06-13,0.0216,RUR
MRKV,2018-06-13,0.01484178,RUR
PHOR,2018-06-13,15.0,RUR
AKRN,2018-06-14,185.0,RUR
CNTLP,2018-06-18,0.030069,RUR
KZOS,2018-06-18,4.253,RUR
KZOSP,2018-06-18,0.25,RUR
MSNG,2018-06-18,0.16595,RUR
MSRS,2018-06-18,0.03163,RUR
CHMF,2018-06-19,27.72,RUR
CHMF,2018-06-19,38.32,RUR
LSNGP,2018-06-19,13.4682,RUR
MRKS,2018-06-19,0.0037,RUR
MRKY,2018-06-20,0.005464428621,RUR
NLMK,2018-06-20,3.36,RUR
NLMK,2018-06-20,5.73,RUR
VRSB,2018-06-20,1.3656828,RUR
ENRU,2018-06-22,0.14493,RUR
MAGN,2018-06-25,0.801,RUR
OMZZP,2018-06-25,0.012,RUR
TGKA,2018-06-25,0.000489802,RUR
HIMCP,2018-06-26,0.2095,RUR
NKHP,2018-06-26,5.65712,RUR
SBER,2018-06-26,12.0,RUR
SBERP,2018-06-26,12.0,RUR
SIBN,2018-06-26,5.0,RUR
ROSN,2018-07-02,6.65,RUR
KRSBP,2018-07-03,0.5072173755,RUR
MSTT,2018-07-03,2.19,RUR
PRMB,2018-07-03,500.0,RUR
UPRO,2018-07-03,0.1110252759795,RUR
AFLT,2018-07-06,12.8053,RUR
MGNT,2018-07-06,135.5,RUR
TATN,2018-07-06,12.16,RUR
TATNP,2018-07-06,12.16,RUR
HYDR,2018-07-07,0.0263335,RUR
RTKM,2018-07-08,5.045825249373,RUR
RTKMP,2018-07-08,5.045825249373,RUR
BANE,2018-07-09,158.95,RUR
BANEP,2018-07-09,158.95,RUR
MRSB,2018-07-09,0.0185868,RUR
MRSB,2018-07-09,0.0116502,RUR
MTSS,2018-07-09,23.4,RUR
RSTI,2018-07-09,0.011965,RUR
RSTIP,2018-07-09,0.04287,RUR
LSRG,2018-07-10,78.0,RUR
OGKB,2018-07-10,0.016319020075,RUR
SELGP,2018-07-10,1.44,RUR
TRNFP,2018-07-10,7578.27,RUR
VZRZP,2018-07-10,2.0,RUR
KRKNP,2018-07-11,1035.34,RUR
LKOH,2018-07-11,130.0,RUR
MGTSP,2018-07-12,231.0,RUR
ALRS,2018-07-14,5.24,RUR
GMKN,2018-07-17,607.98,RUR
IRKT,2018-07-17,1.14,RUR
FEES,2018-07-18,0.014815395834,RUR
KMAZ,2018-07-18,1.06,RUR
MTLRP,2018-07-18,16.66,RUR
AFKS,2018-07-19,0.11,RUR
GAZP,2018-07-19,8.04,RUR
SNGS,2018-07-19,0.65,RUR
SNGSP,2018-07-19,1.38,RUR
PHOR,2018-07-23,24.0,RUR
PIKK,2018-09-04,22.71,RUR
CHMF,2018-09-25,45.94,RUR
GMKN,2018-10-01,776.02,RUR
GCHE,2018-10-08,20.48,RUR
MAGN,2018-10-09,1.589,RUR
MTSS,2018-10-09,2.6,RUR
NMTP,2018-10-09,0.519216,RUR
ROSN,2018-10-09,14.58,RUR
NVTK,2018-10-10,9.25,RUR
NLMK,2018-10-12,5.24,RUR
PHOR,2018-10-12,45.0,RUR
TATN,2018-10-12,30.27,RUR
TATNP,2018-10-12,30.27,RUR
VSMO,2018-10-12,756.0,RUR
ALRS,2018-10-15,5.93,RUR
PLZL,2018-10-18,131.11,RUR
AKRN,2018-10-30,40.0,RUR
CHMF,2018-12-04,44.39,RUR
HIMCP,2018-12-11,0.1381,RUR
NKHP,2018-12-17,17.75,RUR
MAGN,2018-12-18,2.114,RUR
UPRO,2018-12-18,0.1110252759795,RUR
LKOH,2018-12-21,95.0,RUR
MGNT,2018-12-21,137.38,RUR
KAZT,2018-12-23,2.0,RUR
KAZTP,2018-12-23,2.0,RUR
DSKY,2018-12-26,4.39,RUR
SIBN,2018-12-28,22.05,RUR
NLMK,2019-01-09,6.04,RUR
NMTP,2019-01-09,0.2648,RUR
TATN,2019-01-09,22.26,RUR
TATNP,2019-01-09,22.26,RUR
RTKM,2019-01-13,2.5,RUR
RTKMP,2019-01-13,2.5,RUR
PHOR,2019-02-04,72.0,RUR
HIMCP,2019-03-17,0.154,RUR
AKRN,2019-03-22,130.0,RUR
GCHE,2019-04-07,101.63,RUR
NKNC,2019-04-22,19.94,RUR
NKNCP,2019-04-22,19.94,RUR
KZOS,2019-05-06,7.792,RUR
NLMK,2019-05-06,5.8,RUR
NVTK,2019-05-06,16.81,RUR
CHMF,2019-05-07,32.08,RUR
MOEX,2019-05-14,7.7,RUR
TTLK,2019-05-14,0.01932,RUR
PLZL,2019-05-16,143.62,RUR
DSKY,2019-05-27,4.45,RUR
PRMB,2019-05-27,1000.0,RUR
IRAO,2019-05-31,0.171635536398468,RUR
TRCN,2019-06-01,480.37,RUR
MRKU,2019-06-03,0.003,RUR
PIKK,2019-06-03,22.71,RUR
PMSBP,2019-06-03,10.9,RUR
VSMO,2019-06-03,873.42,RUR
CBOM,2019-06-07,0.11,RUR
SFIN,2019-06-08,14.5,RUR
BSPB,2019-06-10,3.71,RUR
MRKC,2019-06-10,0.0207533,RUR
MRKV,2019-06-10,0.01318622,RUR
PHOR,2019-06-10,51.0,RUR
VRSB,2020-08-18,1.73642658,RUR
AKRN,2019-06-11,135.0,RUR
MAGN,2019-06-11,1.398,RUR
SBER,2019-06-13,16.0,RUR
SBERP,2019-06-13,16.0,RUR
MGNT,2019-06-14,166.78,RUR
ROSN,2019-06-17,11.33,RUR
CHMF,2019-06-18,35.43,RUR
CNTLP,2019-06-19,7.41,RUR
MRKY,2019-06-19,0.0068417020378,RUR
NLMK,2019-06-19,7.34,RUR
MAGN,2019-06-20,1.488,RUR
GMKN,2019-06-21,792.52,RUR
BANE,2019-06-24,158.95,RUR
BANEP,2019-06-24,158.95,RUR
VTBR,2019-06-24,0.00109867761463259,RUR
MRKP,2019-06-25,0.040746,RUR
MRKZ,2019-06-25,0.003985,RUR
MSRS,2019-06-25,0.059,RUR
NMTP,2019-06-25,0.5,RUR
UPRO,2019-06-25,0.111025275979,RUR
TGKA,2019-06-26,0.000644605,RUR
OGKB,2019-06-28,0.036784587,RUR
LSNGP,2019-07-01,11.1364,RUR
SIBN,2019-07-01,7.95,RUR
MSNG,2019-07-02,0.21004,RUR
RTKM,2019-07-04,2.5,RUR
RTKMP,2019-07-04,2.5,RUR
AFLT,2019-07-05,2.6877,RUR
TATN,2019-07-05,32.38,RUR
TATNP,2019-07-05,32.38,RUR
ENRU,2019-07-08,0.141471,RUR
RSTI,2019-07-08,0.02443,RUR
RSTIP,2019-07-08,0.07997,RUR
HYDR,2019-07-09,0.0367388,RUR
KRKNP,2019-07-09,1490.13,RUR
LKOH,2019-07-09,155.0,RUR
MTSS,2019-07-09,19.98,RUR
LSRG,2019-07-10,78.0,RUR
PHOR,2019-07-10,72.0,RUR
MGTSP,2019-07-11,232.0,RUR
ALRS,2019-07-15,4.11,RUR
FEES,2019-07-16,0.016042926012,RUR
AFKS,2019-07-18,0.11,RUR
GAZP,2019-07-18,16.61,RUR
MTLRP,2019-07-18,18.21,RUR
SNGS,2019-07-18,0.65,RUR
SNGSP,2019-07-18,7.62,RUR
TRNFP,2019-07-20,10705.95,RUR
CHMF,2019-09-17,26.72,RUR
TATN,2019-09-27,40.11,RUR
TATNP,2019-09-27,40.11,RUR
TRCN,2019-10-03,154.57,RUR
GCHE,2019-10-07,48.79,RUR
GMKN,2019-10-07,883.93,RUR
NLMK,2019-10-10,3.68,RUR
NVTK,2019-10-10,14.23,RUR
PLZL,2019-10-10,162.98,RUR
ROSN,2019-10-11,15.34,RUR
VSMO,2019-10-11,884.6,RUR
ALRS,2019-10-14,3.84,RUR
MTSS,2019-10-14,8.68,RUR
MAGN,2019-10-15,0.69,RUR
PHOR,2019-10-15,54.0,RUR
SIBN,2019-10-18,18.14,RUR
RASP,2019-10-20,2.5,RUR
ISKJ,2016-06-30,0.3,RUR
TRMK,2015-01-12,0.397,RUR
TRMK,2015-10-23,2.42,RUR
TRMK,2016-10-10,1.94,RUR
TRMK,2017-06-20,1.96,RUR
TRMK,2018-07-02,2.28,RUR
TRMK,2019-07-18,2.55,RUR
ORUP,2018-07-16,2.32,RUR
ORUP,2019-07-18,2.36,RUR
CHMF,2019-12-03,27.47,RUR
LKOH,2019-12-20,192.0,RUR
NLMK,2020-01-09,3.22,RUR
AKRN,2019-12-11,101.0,RUR
UPRO,2019-12-15,0.111025275979,RUR
MVID,2019-12-16,33.37,RUR
DSKY,2019-12-17,5.06,RUR
GMKN,2019-12-27,604.09,RUR
TATN,2019-12-30,24.36,RUR
TATNP,2019-12-30,24.36,RUR
MAGN,2020-01-15,1.65,RUR
MGNT,2020-01-10,147.19,RUR
MTSS,2020-01-10,13.25,RUR
FEES,2020-01-13,0.00880960765,RUR
MRKC,2020-01-13,0.0200649,RUR
MSRS,2020-01-14,0.04237,RUR
MRKV,2020-01-14,0.0053946,RUR
MRKP,2020-01-14,0.0163239,RUR
MRKZ,2020-01-14,0.0019999807,RUR
LSNG,2017-06-26,0.1331,RUR
LSNG,2018-06-19,0.1366,RUR
LSNG,2019-07-01,0.0352,RUR
SELG,2019-12-24,0.78,RUR
PHOR,2020-02-04,48.0,RUR
GTRK,2019-06-30,1.72,RUR
CHMF,2020-06-16,26.26,RUR
GCHE,2020-04-07,60.92,RUR
YAKG,2015-01-27,0.2753,RUR
YAKG,2015-06-12,0.4145,RUR
YAKG,2015-05-03,0.4086,RUR
YAKG,2015-09-10,0.4034,RUR
YAKG,2015-12-09,0.4123,RUR
YAKG,2016-05-04,0.397,RUR
YAKG,2016-12-12,0.3744,RUR
NKNCP,2020-07-10,9.07,RUR
NKNC,2020-07-10,9.07,RUR
NLMK,2020-06-09,3.12,RUR
KBTK,2015-07-11,2.5,RUR
KBTK,2017-06-05,6.0,RUR
KBTK,2018-07-06,10.0,RUR
AKRN,2020-04-14,157.0,RUR
KZOS,2020-07-10,4.5468,RUR
NVTK,2020-05-08,18.1,RUR
TTLK,2020-05-13,0.02021,RUR
SBERP,2020-10-05,18.7,RUR
LSRG,2020-05-12,30.0,RUR
MOEX,2020-05-15,7.93,RUR
DSKY,2020-07-11,3.0,RUR
IRAO,2020-06-01,0.196192528735633,RUR
KZOSP,2019-05-06,0.25,RUR
KZOSP,2020-07-10,0.25,RUR
CHEP,2017-05-10,10.05,RUR
CHEP,2018-05-10,11.56,RUR
CHEP,2019-07-09,15.38,RUR
CHEP,2020-01-09,4.37,RUR
CHEP,2020-01-09,5.45,RUR
IRGZ,2015-06-11,0.53,RUR
IRGZ,2016-06-18,0.53,RUR
LNZLP,2015-07-10,18.92,RUR
LNZLP,2016-07-11,690.15,RUR
LNZLP,2017-07-11,34.18,RUR
LNZLP,2018-07-09,8.71,RUR
LNZLP,2019-07-08,110.0,RUR
GMKN,2020-05-25,557.2,RUR
FEES,2020-05-29,0.009494338212,RUR
PHOR,2020-06-02,18.0,RUR
RASP,2020-06-08,2.83,RUR
MRKV,2020-06-09,0.00106762,RUR
SELGP,2019-06-24,2.25,RUR
SELGP,2019-12-24,2.25,RUR
KRKNP,2020-06-09,1766.52,RUR
MRKU,2020-01-14,0.0032,RUR
MRKU,2020-06-09,0.0073,RUR
MSRS,2020-06-09,0.02546,RUR
HIMCP,2019-06-16,0.142,RUR
HIMCP,2019-08-17,0.0882,RUR
HIMCP,2019-12-10,0.0882,RUR
NLMK,2020-07-13,3.21,RUR
AKRN,2020-06-09,275.0,RUR
MRKZ,2020-06-09,0.0012724293,RUR
LSNG,2020-06-11,0.0947,RUR
LSNGP,2020-06-11,13.6226,RUR
BELU,2020-06-12,32.0,RUR
CHEP,2020-06-15,8.18,RUR
ROSN,2020-06-15,18.07,RUR
RSTIP,2020-06-15,0.189304,RUR
RSTI,2020-06-15,0.0885155625,RUR
CHMF,2020-06-16,27.35,RUR
PMSBP,2020-06-17,11.710424,RUR
MAGN,2020-06-17,1.507,RUR
MGNT,2020-06-19,157.0,RUR
UPRO,2020-06-22,0.111025275979,RUR
NKHP,2019-07-09,6.96,RUR
NKHP,2020-01-15,6.36,RUR
NKHP,2020-07-27,0.96,RUR
SELG,2020-06-26,1.42,RUR
TATNP,2020-06-30,1.0,RUR
BANE,2020-07-06,107.81,RUR
BANEP,2020-07-06,107.81,RUR
PHOR,2020-07-06,78.0,RUR
TGKA,2020-07-07,0.001036523,RUR
MRKS,2019-06-24,0.00102,RUR
MRKS,2020-01-14,0.002917,RUR
SIBN,2020-06-26,19.82,RUR
MSNG,2020-07-08,0.12075,RUR
ENRU,2020-07-09,0.085,RUR
MTSS,2020-07-09,20.57,RUR
LKOH,2020-07-10,350.0,RUR
OGKB,2020-07-10,0.0544445744,RUR
ALRS,2020-07-13,2.63,RUR
CNTLP,2020-08-10,11.83,RUR
NMTP,2020-07-28,1.35,RUR
SNGSP,2020-07-20,0.97,RUR
SNGS,2020-07-20,0.65,RUR
MTLRP,2020-07-17,3.48,RUR
GAZP,2020-07-16,15.24,RUR
AFKS,2020-07-16,0.13,RUR
LNZLP,2020-07-13,13.87,RUR
RTKMP,2020-08-21,5.0,RUR
RTKM,2020-08-21,5.0,RUR
AQUA,2020-09-11,5.0,RUR
PLZL,2020-08-28,244.75,RUR
CHMF,2020-09-08,15.44,RUR
MAGN,2020-09-23,0.607,RUR
NLMK,2020-10-12,4.75,RUR
EELT,2018-06-25,0.00065,RUR
EELT,2018-06-25,0.15,RUR
EELT,2019-07-17,0.0961,RUR
MTSS,2020-10-12,8.93,RUR
GEMA,2019-09-25,33.0,RUR
GEMA,2019-12-31,11.0,RUR
GEMA,2020-07-03,18.5,RUR
GEMA,2020-07-23,17.5,RUR
DSKY,2020-09-29,2.5,RUR
GCHE,2020-10-05,48.79,RUR
VTBR,2020-10-05,0.00077345337561138,RUR
TATNP,2020-10-12,9.94,RUR
TATN,2020-10-12,9.94,RUR
RASP,2020-10-15,2.7,RUR
SBER,2020-10-05,18.7,RUR
NVTK,2020-10-12,11.82,RUR
PIKK,2020-10-12,22.71,RUR
LSRG,2020-10-12,20.0,RUR
PHOR,2020-10-15,33.0,RUR
HIMCP,2020-10-11,0.49417,RUR
HYDR,2020-10-10,0.03568039,RUR
PLZL,2020-10-20,240.18,RUR
BELU,2020-10-26,10.0,RUR
DIOD,2017-07-13,0.43,RUR
DIOD,2018-07-04,0.43,RUR
DIOD,2019-07-11,0.43,RUR
DIOD,2020-09-01,0.43,RUR
CNTL,2017-07-07,0.0082123,RUR
CNTL,2018-06-18,0.030069,RUR
CNTL,2019-06-19,7.41,RUR
CNTL,2020-08-10,11.83,RUR
GEMA,2020-10-12,10.0,RUR
TRNFP,2020-10-20,11612.2,RUR
MVID,2020-11-20,30.0,RUR
EELT,2020-11-23,0.3185,RUR
LKOH,2020-12-18,46.0,RUR
,,2386.0,
INGR,2020-06-19,72.78,RUR
CHMF,2020-12-08,37.34,RUR
BSPB,2020-12-11,3.33,RUR
NLMK,2020-12-29,6.43,RUR
MAGN,2021-01-14,2.391,RUR
SELG,2020-11-30,2.55,RUR
SELGP,2020-11-30,2.25,RUR
TRMK,2020-12-07,3.0,RUR
MRSB,2019-12-02,0.014843,RUR
MRSB,2020-10-30,0.0223,RUR
UPRO,2020-12-20,0.111025275979,RUR
GMKN,2020-12-24,623.35,RUR
PHOR,2020-12-25,123.0,RUR
DSKY,2020-12-28,5.08,RUR
ABRD,2016-11-19,0.41,RUR
ABRD,2017-07-02,1.29,RUR
ABRD,2018-06-26,2.86,RUR
ABRD,2019-07-10,2.86,RUR
ABRD,2020-10-19,1.03,RUR
SIBN,2020-12-29,5.0,RUR
MGNT,2021-01-08,245.31,RUR
GEMA,2021-01-11,27.0,RUR
RGSS,2021-01-12,0.025013777,RUR
NKHP,2021-01-14,10.92,RUR
CHEP,2021-01-10,6.55,RUR
CHMF,2021-06-01,36.27,RUR
T-RM,2015-01-09,0.47,USD
T-RM,2015-04-10,0.47,USD
T-RM,2015-07-10,0.47,USD
T-RM,2015-10-09,0.47,USD
T-RM,2016-01-08,0.48,USD
T-RM,2016-04-08,0.48,USD
T-RM,2016-07-08,0.48,USD
T-RM,2016-10-10,0.48,USD
T-RM,2017-01-10,0.49,USD
T-RM,2017-04-10,0.49,USD
T-RM,2017-07-10,0.49,USD
T-RM,2017-10-10,0.49,USD
T-RM,2018-01-10,0.5,USD
T-RM,2018-04-10,0.5,USD
T-RM,2018-07-10,0.5,USD
T-RM,2018-10-10,0.5,USD
T-RM,2019-01-10,0.51,USD
T-RM,2019-04-10,0.51,USD
T-RM,2019-07-10,0.51,USD
T-RM,2019-10-10,0.51,USD
T-RM,2020-01-10,0.52,USD
T-RM,2020-04-09,0.52,USD
T-RM,2020-07-10,0.52,USD
T-RM,2020-10-12,0.52,USD
T-RM,2021-01-11,0.52,USD
GCHE,2021-04-05,134.0,RUR
BA-RM,2015-02-13,0.91,USD
BA-RM,2015-05-08,0.91,USD
BA-RM,2015-08-07,0.91,USD
BA-RM,2015-11-06,0.91,USD
BA-RM,2016-02-12,1.09,USD
BA-RM,2016-05-13,1.09,USD
BA-RM,2016-08-12,1.09,USD
BA-RM,2016-11-11,1.09,USD
BA-RM,2017-02-10,1.42,USD
BA-RM,2017-05-12,1.42,USD
BA-RM,2017-08-11,1.42,USD
BA-RM,2017-11-10,1.42,USD
BA-RM,2018-02-09,1.71,USD
BA-RM,2018-05-11,1.71,USD
BA-RM,2018-08-10,1.71,USD
BA-RM,2018-11-09,1.71,USD
BA-RM,2019-02-08,2.055,USD
BA-RM,2019-05-10,2.055,USD
BA-RM,2019-08-09,2.055,USD
BA-RM,2019-11-08,2.055,USD
BA-RM,2020-02-14,2.055,USD
XOM-RM,2015-02-10,0.69,USD
XOM-RM,2015-05-13,0.73,USD
XOM-RM,2015-08-13,0.73,USD
XOM-RM,2015-11-12,0.73,USD
XOM-RM,2016-02-11,0.73,USD
XOM-RM,2016-05-13,0.75,USD
XOM-RM,2016-08-12,0.75,USD
XOM-RM,2016-11-10,0.75,USD
XOM-RM,2017-02-10,0.75,USD
XOM-RM,2017-05-12,0.77,USD
XOM-RM,2017-08-14,0.77,USD
XOM-RM,2017-11-13,0.77,USD
XOM-RM,2018-02-12,0.77,USD
XOM-RM,2018-05-14,0.82,USD
XOM-RM,2018-08-13,0.82,USD
XOM-RM,2018-11-13,0.82,USD
XOM-RM,2019-02-11,0.82,USD
XOM-RM,2019-05-13,0.87,USD
XOM-RM,2019-11-12,0.87,USD
XOM-RM,2020-02-11,0.87,USD
XOM-RM,2020-05-13,0.87,USD
XOM-RM,2020-08-13,0.87,USD
XOM-RM,2020-11-12,0.87,USD
XOM-RM,2021-02-10,0.87,USD
XOM-RM,2019-08-13,0.87,USD
BELU,2021-05-06,90.0,RUR
BMY-RM,2015-04-06,0.37,USD
BMY-RM,2015-07-06,0.37,USD
BMY-RM,2015-10-02,0.37,USD
BMY-RM,2016-01-04,0.38,USD
BMY-RM,2016-04-01,0.38,USD
BMY-RM,2016-07-01,0.38,USD
BMY-RM,2016-10-07,0.38,USD
BMY-RM,2017-01-06,0.39,USD
BMY-RM,2017-04-07,0.39,USD
BMY-RM,2017-07-07,0.39,USD
BMY-RM,2017-10-06,0.39,USD
BMY-RM,2018-01-05,0.4,USD
BMY-RM,2018-04-06,0.4,USD
BMY-RM,2018-07-06,0.4,USD
BMY-RM,2018-10-05,0.4,USD
BMY-RM,2019-01-04,0.41,USD
BMY-RM,2019-04-05,0.41,USD
BMY-RM,2019-07-05,0.41,USD
BMY-RM,2019-10-04,0.41,USD
BMY-RM,2020-01-03,0.45,USD
BMY-RM,2020-04-03,0.45,USD
BMY-RM,2020-07-06,0.45,USD
BMY-RM,2020-10-02,0.45,USD
BMY-RM,2021-01-04,0.49,USD
BMY-RM,2021-04-01,0.49,USD
NKNCP,2021-04-27,0.73,RUR
NKNC,2021-04-27,0.73,RUR
YAKG,2021-04-26,0.61,RUR
TRMK,2021-04-26,9.67,RUR
IRAO,2021-06-07,0.180711206896552,RUR
AVGO-RM,2015-03-20,0.38,USD
AVGO-RM,2015-06-19,0.4,USD
AVGO-RM,2015-09-18,0.42,USD
AVGO-RM,2015-12-18,0.44,USD
AVGO-RM,2016-03-18,0.49,USD
AVGO-RM,2016-06-17,0.5,USD
AVGO-RM,2016-09-19,0.51,USD
AVGO-RM,2016-12-16,1.02,USD
AVGO-RM,2017-03-20,1.02,USD
AVGO-RM,2017-06-19,1.02,USD
AVGO-RM,2017-09-19,1.02,USD
AVGO-RM,2017-12-19,1.75,USD
AVGO-RM,2018-03-22,1.75,USD
AVGO-RM,2018-06-20,1.75,USD
AVGO-RM,2018-09-19,1.75,USD
AVGO-RM,2018-12-19,2.65,USD
AVGO-RM,2019-03-21,2.65,USD
AVGO-RM,2019-06-24,2.65,USD
AVGO-RM,2019-09-23,2.65,USD
AVGO-RM,2019-12-23,3.25,USD
AVGO-RM,2020-03-23,3.25,USD
AVGO-RM,2020-06-22,3.25,USD
AVGO-RM,2020-09-22,3.25,USD
AVGO-RM,2020-12-21,3.6,USD
AVGO-RM,2021-03-22,3.6,USD
KZOS,2021-05-06,3.36,RUR
KZOSP,2021-05-06,0.25,RUR
MOEX,2021-05-14,9.45,RUR
NLMK,2021-05-11,7.25,RUR
LSRG,2021-05-11,39.0,RUR
SBER,2021-05-12,18.7,RUR
SBERP,2021-05-12,18.7,RUR
NVTK,2021-05-07,23.74,RUR
HPQ-RM,2015-03-11,0.16,USD
HPQ-RM,2015-06-10,0.176,USD
HPQ-RM,2015-09-09,0.176,USD
HPQ-RM,2015-12-09,0.124,USD
HPQ-RM,2016-03-09,0.124,USD
HPQ-RM,2016-06-15,0.124,USD
HPQ-RM,2016-09-14,0.124,USD
HPQ-RM,2016-12-14,0.133,USD
HPQ-RM,2017-03-08,0.133,USD
HPQ-RM,2017-06-14,0.133,USD
HPQ-RM,2017-09-13,0.133,USD
HPQ-RM,2017-12-13,0.139,USD
HPQ-RM,2018-03-14,0.139,USD
HPQ-RM,2018-06-13,0.139,USD
HPQ-RM,2018-09-12,0.139,USD
HPQ-RM,2018-12-13,0.16,USD
HPQ-RM,2019-03-13,0.16,USD
HPQ-RM,2019-06-12,0.16,USD
HPQ-RM,2019-09-11,0.16,USD
HPQ-RM,2019-12-11,0.176,USD
HPQ-RM,2020-03-11,0.176,USD
HPQ-RM,2020-06-10,0.176,USD
HPQ-RM,2020-09-09,0.176,USD
HPQ-RM,2020-12-09,0.194,USD
HPQ-RM,2021-03-10,0.194,USD
T-RM,2021-04-09,0.52,USD
BSPB,2021-06-07,4.56,RUR
PIKK,2021-05-17,22.51,RUR
PIKK,2021-05-17,22.92,RUR
MVID,2021-05-18,38.0,RUR
WMT-RM,2015-03-13,0.49,USD
WMT-RM,2015-05-08,0.49,USD
WMT-RM,2015-08-07,0.49,USD
WMT-RM,2015-12-04,0.49,USD
WMT-RM,2016-03-11,0.5,USD
WMT-RM,2016-05-13,0.5,USD
WMT-RM,2016-08-12,0.5,USD
WMT-RM,2016-12-09,0.5,USD
WMT-RM,2017-03-10,0.51,USD
WMT-RM,2017-05-12,0.51,USD
WMT-RM,2017-08-11,0.51,USD
WMT-RM,2017-12-08,0.51,USD
WMT-RM,2018-03-09,0.52,USD
WMT-RM,2018-05-11,0.52,USD
WMT-RM,2018-08-10,0.52,USD
WMT-RM,2018-12-07,0.52,USD
WMT-RM,2019-03-15,0.53,USD
WMT-RM,2019-05-10,0.53,USD
WMT-RM,2019-08-09,0.53,USD
WMT-RM,2019-12-06,0.53,USD
WMT-RM,2020-03-20,0.54,USD
WMT-RM,2020-05-08,0.54,USD
WMT-RM,2020-08-14,0.54,USD
WMT-RM,2020-12-11,0.54,USD
WMT-RM,2021-03-19,0.55,USD
WMT-RM,2021-05-07,0.55,USD
PHOR,2021-06-07,63.0,RUR
TTLK,2021-06-01,0.0393,RUR
GMKN,2021-06-01,1021.22,RUR
MDMG,2015-06-05,4.01,RUR
MDMG,2016-04-22,6.66,RUR
MDMG,2016-09-09,3.8,RUR
MDMG,2017-04-28,4.5,RUR
MDMG,2017-09-19,4.67,RUR
MDMG,2018-04-25,6.0,RUR
MDMG,2019-05-24,10.65,RUR
MDMG,2020-09-16,18.5,RUR
MDMG,2020-09-18,9.8,RUR
MTSS,2021-07-08,26.51,RUR
NLMK,2021-06-23,7.71,RUR
LKOH,2021-07-05,213.0,RUR
CHMF,2021-06-01,46.77,RUR
PLZL,2021-06-07,387.15,RUR
WMT-RM,2021-08-13,0.55,USD
WMT-RM,2021-12-10,0.55,USD
QCOM-RM,2015-03-04,0.42,USD
QCOM-RM,2015-06-03,0.48,USD
QCOM-RM,2015-09-02,0.48,USD
QCOM-RM,2015-12-01,0.48,USD
QCOM-RM,2016-03-02,0.48,USD
QCOM-RM,2016-06-01,0.53,USD
QCOM-RM,2016-08-31,0.53,USD
QCOM-RM,2016-11-30,0.53,USD
QCOM-RM,2017-03-01,0.53,USD
QCOM-RM,2017-05-31,0.57,USD
QCOM-RM,2017-08-30,0.57,USD
QCOM-RM,2017-11-29,0.57,USD
QCOM-RM,2018-02-28,0.57,USD
QCOM-RM,2018-05-30,0.62,USD
QCOM-RM,2018-09-05,0.62,USD
QCOM-RM,2018-12-06,0.62,USD
QCOM-RM,2019-03-07,0.62,USD
QCOM-RM,2019-06-06,0.62,USD
QCOM-RM,2019-09-12,0.62,USD
QCOM-RM,2019-12-05,0.62,USD
QCOM-RM,2020-03-05,0.62,USD
QCOM-RM,2020-06-04,0.65,USD
QCOM-RM,2020-09-03,0.65,USD
QCOM-RM,2020-12-03,0.65,USD
QCOM-RM,2021-03-04,0.65,USD
QCOM-RM,2021-06-03,0.68,USD
FDX-RM,2015-03-11,0.2,USD
FDX-RM,2015-06-18,0.25,USD
FDX-RM,2015-09-10,0.25,USD
FDX-RM,2015-12-14,0.25,USD
FDX-RM,2016-03-14,0.25,USD
FDX-RM,2016-06-16,0.4,USD
FDX-RM,2016-09-12,0.4,USD
FDX-RM,2016-12-12,0.4,USD
FDX-RM,2017-03-13,0.4,USD
FDX-RM,2017-06-22,0.5,USD
FDX-RM,2017-09-11,0.5,USD
FDX-RM,2017-12-11,0.5,USD
FDX-RM,2018-03-12,0.5,USD
FDX-RM,2018-06-25,0.65,USD
FDX-RM,2018-09-10,0.65,USD
FDX-RM,2018-12-10,0.65,USD
FDX-RM,2019-03-11,0.65,USD
FDX-RM,2019-06-24,0.65,USD
FDX-RM,2019-09-09,0.65,USD
FDX-RM,2019-12-09,0.65,USD
FDX-RM,2020-03-09,0.65,USD
FDX-RM,2020-06-29,0.65,USD
FDX-RM,2020-09-04,0.65,USD
FDX-RM,2020-12-14,0.65,USD
FDX-RM,2021-03-08,0.65,USD
RASP,2021-06-07,5.7,RUR
V-RM,2015-02-13,0.12,USD
V-RM,2015-05-15,0.12,USD
V-RM,2015-08-14,0.12,USD
V-RM,2015-11-13,0.14,USD
V-RM,2016-02-19,0.14,USD
V-RM,2016-05-13,0.14,USD
V-RM,2016-08-19,0.14,USD
V-RM,2016-11-18,0.165,USD
V-RM,2017-02-17,0.165,USD
V-RM,2017-05-19,0.165,USD
V-RM,2017-08-18,0.165,USD
V-RM,2017-11-17,0.195,USD
V-RM,2018-02-16,0.21,USD
V-RM,2018-05-18,0.21,USD
V-RM,2018-08-17,0.21,USD
V-RM,2018-11-16,0.25,USD
V-RM,2019-02-15,0.25,USD
V-RM,2019-05-17,0.25,USD
V-RM,2019-08-16,0.25,USD
V-RM,2019-11-15,0.3,USD
V-RM,2020-02-14,0.3,USD
V-RM,2020-05-14,0.3,USD
V-RM,2020-08-14,0.3,USD
V-RM,2020-11-13,0.32,USD
V-RM,2021-02-12,0.32,USD
V-RM,2021-05-14,0.32,USD
AAL-RM,2015-02-09,0.1,USD
AAL-RM,2015-05-04,0.1,USD
AAL-RM,2015-08-10,0.1,USD
AAL-RM,2015-11-05,0.1,USD
AAL-RM,2016-02-10,0.1,USD
AAL-RM,2016-05-04,0.1,USD
AAL-RM,2016-08-05,0.1,USD
AAL-RM,2016-11-07,0.1,USD
AAL-RM,2017-02-13,0.1,USD
AAL-RM,2017-05-16,0.1,USD
AAL-RM,2017-08-14,0.1,USD
AAL-RM,2017-11-13,0.1,USD
AAL-RM,2018-02-06,0.1,USD
AAL-RM,2018-05-08,0.1,USD
AAL-RM,2018-08-07,0.1,USD
AAL-RM,2018-11-06,0.1,USD
AAL-RM,2019-02-06,0.1,USD
AAL-RM,2019-05-08,0.1,USD
AAL-RM,2019-08-07,0.1,USD
AAL-RM,2019-11-06,0.1,USD
AAL-RM,2020-02-05,0.1,USD
ABBV-RM,2015-01-15,0.49,USD
ABBV-RM,2015-04-15,0.51,USD
ABBV-RM,2015-07-15,0.51,USD
ABBV-RM,2015-10-15,0.51,USD
ABBV-RM,2016-01-15,0.57,USD
ABBV-RM,2016-04-15,0.57,USD
ABBV-RM,2016-07-15,0.57,USD
ABBV-RM,2016-10-14,0.57,USD
ABBV-RM,2017-01-13,0.64,USD
ABBV-RM,2017-04-13,0.64,USD
ABBV-RM,2017-07-14,0.64,USD
ABBV-RM,2017-10-13,0.64,USD
ABBV-RM,2018-01-12,0.71,USD
ABBV-RM,2018-04-13,0.96,USD
ABBV-RM,2018-07-13,0.96,USD
ABBV-RM,2018-10-15,0.96,USD
ABBV-RM,2019-01-15,1.07,USD
ABBV-RM,2019-04-15,1.07,USD
ABBV-RM,2019-07-15,1.07,USD
ABBV-RM,2019-10-15,1.07,USD
ABBV-RM,2020-01-15,1.18,USD
ABBV-RM,2020-04-15,1.18,USD
ABBV-RM,2020-07-15,1.18,USD
ABBV-RM,2020-10-15,1.18,USD
ABBV-RM,2021-01-15,1.3,USD
ABBV-RM,2021-04-15,1.3,USD
ATVI-RM,2015-03-30,0.23,USD
ATVI-RM,2016-03-30,0.26,USD
ATVI-RM,2017-03-30,0.3,USD
ATVI-RM,2018-03-30,0.34,USD
ATVI-RM,2019-03-28,0.37,USD
ATVI-RM,2020-04-15,0.41,USD
ATVI-RM,2021-04-15,0.47,USD
MRKC,2021-06-11,0.0335009,RUR
TATN,2021-07-09,12.3,RUR
TATNP,2021-07-09,12.3,RUR
MRKP,2021-06-15,0.0259262,RUR
VTBR,2021-07-15,0.00138273422595461,RUR
VTBR,2021-07-15,1.73965919370917e-05,RUR
ROSN,2021-06-15,6.94,RUR
GEMA,2021-06-09,28.6,RUR
ALRS,2021-07-04,9.54,RUR
MDMG,2021-05-05,19.0,RUR
MSRS,2021-06-01,0.0493,RUR
AQUA,2021-07-11,5.0,RUR
MGNT,2021-06-25,245.31,RUR
FLOT,2015-07-10,0.572533481145275,RUR
FLOT,2016-07-11,3.036917919866,RUR
FLOT,2017-06-26,3.1224939,RUR
FLOT,2018-07-09,0.86235949,RUR
FLOT,2019-07-06,0.7295454494492317,RUR
FLOT,2020-08-14,3.651299225669822,RUR
NEM-RM,2015-03-12,0.025,USD
NEM-RM,2015-06-11,0.025,USD
NEM-RM,2015-09-10,0.025,USD
NEM-RM,2015-12-11,0.025,USD
NEM-RM,2016-03-10,0.025,USD
NEM-RM,2016-06-09,0.025,USD
NEM-RM,2016-09-15,0.025,USD
NEM-RM,2016-12-08,0.05,USD
NEM-RM,2017-03-09,0.05,USD
NEM-RM,2017-06-08,0.05,USD
NEM-RM,2017-09-14,0.075,USD
NEM-RM,2017-12-08,0.075,USD
NEM-RM,2018-03-08,0.14,USD
NEM-RM,2018-06-07,0.14,USD
NEM-RM,2018-09-13,0.14,USD
NEM-RM,2018-12-06,0.14,USD
NEM-RM,2019-03-07,0.14,USD
NEM-RM,2019-04-17,0.88,USD
NEM-RM,2019-06-06,0.14,USD
NEM-RM,2019-09-12,0.14,USD
NEM-RM,2019-12-05,0.14,USD
NEM-RM,2020-03-05,0.14,USD
NEM-RM,2020-06-04,0.25,USD
NEM-RM,2020-09-10,0.25,USD
NEM-RM,2020-12-11,0.4,USD
NEM-RM,2021-03-04,0.55,USD
GLTR,2016-04-28,12.41,RUR
GLTR,2017-04-24,39.2,RUR
GLTR,2017-09-05,21.6,RUR
GLTR,2017-09-05,23.25,RUR
GLTR,2018-09-04,24.8,RUR
GLTR,2018-09-04,21.1,RUR
GLTR,2019-04-18,46.5,RUR
GLTR,2019-09-09,46.55,RUR
GLTR,2020-04-30,46.55,RUR
GLTR,2021-04-29,28.0,RUR
GLTR,2020-09-08,46.55,RUR
GLTR,2018-04-23,44.85,RUR
AKRN,2021-06-08,30.0,RUR
UPRO,2021-06-22,0.126886029691,RUR
CNTLP,2021-06-18,0.25,RUR
NEM-RM,2021-06-03,0.55,USD
PFE-RM,2015-02-06,0.28,USD
PFE-RM,2015-05-08,0.28,USD
PFE-RM,2015-08-07,0.28,USD
PFE-RM,2015-11-06,0.28,USD
PFE-RM,2016-02-05,0.3,USD
PFE-RM,2016-05-13,0.3,USD
PFE-RM,2016-08-05,0.3,USD
PFE-RM,2016-11-11,0.3,USD
PFE-RM,2017-02-03,0.32,USD
PFE-RM,2017-05-12,0.32,USD
PFE-RM,2017-08-04,0.32,USD
PFE-RM,2017-11-10,0.32,USD
PFE-RM,2018-02-02,0.34,USD
PFE-RM,2018-05-11,0.34,USD
PFE-RM,2018-08-03,0.34,USD
PFE-RM,2018-11-09,0.34,USD
PFE-RM,2019-02-01,0.36,USD
PFE-RM,2019-05-10,0.36,USD
PFE-RM,2019-08-02,0.36,USD
PFE-RM,2019-11-08,0.36,USD
PFE-RM,2020-01-31,0.38,USD
PFE-RM,2020-05-08,0.38,USD
PFE-RM,2020-07-31,0.38,USD
PFE-RM,2020-11-06,0.38,USD
PFE-RM,2021-01-29,0.39,USD
PFE-RM,2021-05-07,0.39,USD
FIVE,2018-05-25,79.5,RUR
FIVE,2019-05-24,92.06,RUR
FIVE,2020-05-29,110.47,RUR
FIVE,2020-12-18,73.645,RUR
FIVE,2021-05-28,110.49,RUR
KRKNP,2021-07-07,1132.93,RUR
SIBN,2021-06-25,10.0,RUR
ETLN,2015-05-15,0.12,USD
ETLN,2015-11-20,0.03,USD
ETLN,2016-05-13,0.05,USD
ETLN,2016-11-25,0.03,USD
ETLN,2017-08-04,0.107,USD
ETLN,2017-11-17,0.04,USD
ETLN,2018-08-10,0.18,USD
ETLN,2019-09-03,0.19,USD
ETLN,2020-11-20,0.16,USD
AGRO,2015-10-02,0.23,USD
AGRO,2016-05-27,0.58,USD
AGRO,2016-09-23,0.23,USD
AGRO,2017-04-13,0.58,USD
AGRO,2017-09-14,0.23,USD
AGRO,2018-04-13,0.29,USD
AGRO,2018-09-14,0.12,USD
AGRO,2019-04-26,0.41,USD
AGRO,2019-09-13,0.19,USD
AGRO,2020-04-17,0.32,USD
AGRO,2020-09-18,0.19,USD
AGRO,2021-04-16,1.04,USD
PMSBP,2021-06-24,12.5,RUR
SNGS,2021-07-20,0.7,RUR
SNGSP,2021-07-20,6.72,RUR
GAZP,2021-07-15,12.55,RUR
SELG,2021-06-25,1.95,RUR
SELGP,2021-06-25,2.25,RUR
EELT,2021-06-03,0.27,RUR
KMAZ,2021-06-16,0.54,RUR
OGKB,2021-07-02,0.0600458012915,RUR
PHOR,2021-07-05,105.0,RUR
AGRO,2015-05-22,0.47,USD
F-RM,2015-01-30,0.15,USD
F-RM,2015-05-01,0.15,USD
F-RM,2015-07-31,0.15,USD
F-RM,2015-10-30,0.15,USD
F-RM,2016-01-29,0.4,USD
F-RM,2016-04-29,0.15,USD
F-RM,2016-07-28,0.15,USD
F-RM,2016-10-27,0.15,USD
F-RM,2017-01-20,0.2,USD
F-RM,2017-04-20,0.15,USD
F-RM,2017-07-24,0.15,USD
F-RM,2017-10-23,0.15,USD
F-RM,2018-01-30,0.28,USD
F-RM,2018-04-20,0.15,USD
F-RM,2018-07-23,0.15,USD
F-RM,2018-10-23,0.15,USD
F-RM,2019-01-31,0.15,USD
F-RM,2019-04-24,0.15,USD
F-RM,2019-07-23,0.15,USD
F-RM,2019-10-22,0.15,USD
F-RM,2020-01-30,0.15,USD
FEES,2021-07-16,0.016132865449,RUR
RSTIP,2021-07-17,0.0588261693112,RUR
RSTI,2021-07-17,0.02453341692,RUR
SMLT,2021-07-10,41.0,RUR
DIOD,2021-07-18,0.65,RUR
MSNG,2021-07-05,0.17945,RUR
AFKS,2021-07-15,0.31,RUR
RTKMP,2021-07-12,5.0,RUR
RTKM,2021-07-12,5.0,RUR
LSNG,2021-06-29,0.2626,RUR
LSNGP,2021-06-29,15.1688,RUR
DSKY,2021-07-11,6.07,RUR
MTLRP,2021-07-13,1.17,RUR
HHRU,2019-06-14,0.36,USD
HHRU,2020-03-27,0.5,USD
HHRU,2021-06-09,0.55,USD
TGKA,2021-07-05,0.001070552,RUR
ABRD,2021-07-12,2.86,RUR
MRSB,2021-07-06,0.037173,RUR
BANEP,2021-07-14,0.1,RUR
TRNFP,2021-07-19,9224.28,RUR
JNJ-RM,2015-02-24,0.7,USD
JNJ-RM,2015-05-26,0.75,USD
JNJ-RM,2015-08-25,0.75,USD
JNJ-RM,2015-11-24,0.75,USD
JNJ-RM,2016-02-23,0.75,USD
JNJ-RM,2016-05-24,0.8,USD
JNJ-RM,2016-08-23,0.8,USD
JNJ-RM,2016-11-22,0.8,USD
JNJ-RM,2017-02-28,0.8,USD
JNJ-RM,2017-05-30,0.84,USD
JNJ-RM,2017-08-29,0.84,USD
JNJ-RM,2017-11-28,0.84,USD
JNJ-RM,2018-02-27,0.84,USD
JNJ-RM,2018-05-29,0.9,USD
JNJ-RM,2018-08-28,0.9,USD
JNJ-RM,2018-11-27,0.9,USD
JNJ-RM,2019-02-26,0.9,USD
JNJ-RM,2019-05-28,0.95,USD
JNJ-RM,2019-08-27,0.95,USD
JNJ-RM,2019-11-26,0.95,USD
JNJ-RM,2020-02-25,0.95,USD
JNJ-RM,2020-05-26,1.01,USD
JNJ-RM,2020-08-25,1.01,USD
JNJ-RM,2020-11-24,1.01,USD
JNJ-RM,2021-02-23,1.01,USD
JNJ-RM,2021-05-25,1.06,USD
NKHP,2021-07-12,6.27,RUR
HYDR,2021-07-10,0.0530482,RUR
INGR,2021-07-18,36.39,RUR
MAGN,2021-06-17,1.795,RUR
MAGN,2021-06-17,0.945,RUR
AQUA,2021-07-11,4.0,RUR
NMTP,2021-07-12,0.06,RUR
SBUX-RM,2015-02-05,0.16,USD
SBUX-RM,2015-05-07,0.16,USD
SBUX-RM,2015-08-06,0.16,USD
SBUX-RM,2015-11-12,0.2,USD
SBUX-RM,2016-02-04,0.2,USD
SBUX-RM,2016-05-05,0.2,USD
SBUX-RM,2016-08-04,0.2,USD
SBUX-RM,2016-11-17,0.25,USD
SBUX-RM,2017-02-09,0.25,USD
SBUX-RM,2017-05-11,0.25,USD
SBUX-RM,2017-08-10,0.25,USD
SBUX-RM,2017-11-16,0.3,USD
SBUX-RM,2018-02-08,0.3,USD
SBUX-RM,2018-05-10,0.3,USD
SBUX-RM,2018-08-09,0.36,USD
SBUX-RM,2018-11-15,0.36,USD
SBUX-RM,2019-02-07,0.36,USD
SBUX-RM,2019-05-09,0.36,USD
SBUX-RM,2019-08-08,0.36,USD
SBUX-RM,2019-11-13,0.41,USD
SBUX-RM,2020-02-06,0.41,USD
SBUX-RM,2020-05-08,0.41,USD
SBUX-RM,2020-08-07,0.41,USD
SBUX-RM,2020-11-12,0.45,USD
SBUX-RM,2021-02-18,0.45,USD
SBUX-RM,2021-05-13,0.45,USD
POLY,2015-05-01,0.13,USD
POLY,2015-09-04,0.08,USD
POLY,2015-12-11,0.3,USD
POLY,2016-05-06,0.13,USD
POLY,2016-09-02,0.09,USD
POLY,2016-12-16,0.15,USD
POLY,2017-05-05,0.18,USD
POLY,2017-09-08,0.14,USD
POLY,2018-05-11,0.3,USD
POLY,2018-09-07,0.17,USD
POLY,2019-05-10,0.31,USD
POLY,2019-09-06,0.2,USD
POLY,2020-02-14,0.2,USD
POLY,2020-05-11,0.42,USD
POLY,2020-09-04,0.4,USD
POLY,2021-05-07,0.89,USD
HIMCP,2021-07-11,0.36886,RUR
LNZL,2021-07-13,15219.5,RUR
LNZLP,2021-07-13,3699.27,RUR
STSBP,2015-07-06,0.04968135,RUR
STSBP,2017-07-03,0.02289275721,RUR
STSBP,2018-06-29,0.024348679,RUR
STSBP,2019-07-02,0.024845,RUR
STSBP,2020-08-24,0.028747,RUR
STSBP,2021-07-05,0.0627653,RUR
ABT-RM,2015-01-15,0.24,USD
ABT-RM,2015-04-15,0.24,USD
ABT-RM,2015-07-15,0.24,USD
ABT-RM,2015-10-15,0.24,USD
ABT-RM,2016-01-15,0.26,USD
ABT-RM,2016-04-15,0.26,USD
ABT-RM,2016-07-15,0.26,USD
ABT-RM,2016-10-14,0.26,USD
ABT-RM,2017-01-13,0.265,USD
ABT-RM,2017-04-14,0.265,USD
ABT-RM,2017-07-14,0.265,USD
ABT-RM,2017-10-13,0.265,USD
ABT-RM,2018-01-12,0.28,USD
ABT-RM,2018-04-13,0.28,USD
ABT-RM,2018-07-13,0.28,USD
ABT-RM,2018-10-15,0.28,USD
ABT-RM,2019-01-15,0.32,USD
ABT-RM,2019-04-15,0.32,USD
ABT-RM,2019-07-15,0.32,USD
ABT-RM,2019-10-15,0.32,USD
ABT-RM,2020-01-15,0.36,USD
ABT-RM,2020-04-15,0.36,USD
ABT-RM,2020-07-15,0.36,USD
ABT-RM,2020-10-15,0.36,USD
ABT-RM,2021-01-15,0.45,USD
ABT-RM,2021-04-15,0.45,USD
ABT-RM,2021-07-15,0.45,USD
RZSB,2017-06-13,0.146965124,RUR
RZSB,2018-06-22,0.3609496501,RUR
RZSB,2019-07-08,0.5279882277,RUR
RZSB,2020-06-04,0.6153564541,RUR
RZSB,2021-06-03,1.4517042651,RUR
RZSB,2015-06-17,0.0032424822975,RUR
ABBV-RM,2021-07-15,1.3,USD
FLOT,2021-07-05,6.67,RUR
KRSB,2015-10-09,0.27715538627,RUR
KRSB,2016-06-15,0.766706855786,RUR
KRSB,2017-06-13,0.444344266,RUR
KRSB,2018-07-03,0.5072173755,RUR
KRSB,2019-07-10,0.4550026303,RUR
KRSB,2020-06-17,0.6065124464,RUR
KRSB,2021-06-08,0.6471407623,RUR
TCSG,2016-12-16,0.21,USD
TCSG,2017-06-16,0.17,USD
TCSG,2017-09-08,0.2,USD
TCSG,2017-12-01,0.18,USD
TCSG,2017-12-01,0.22,USD
TCSG,2018-04-03,0.31,USD
TCSG,2018-06-15,0.24,USD
TCSG,2018-09-14,0.24,USD
TCSG,2018-12-07,0.28,USD
TCSG,2019-03-22,0.32,USD
TCSG,2019-05-24,0.17,USD
TCSG,2020-03-27,0.21,USD
TCSG,2020-05-28,0.14,USD
TCSG,2020-08-21,0.2,USD
TCSG,2020-11-25,0.25,USD
TCSG,2021-03-26,0.24,USD
PFE-RM,2021-07-30,0.39,USD
HPQ-RM,2021-06-09,0.194,USD
HPQ-RM,2021-09-08,0.194,USD
SBUX-RM,2021-08-12,0.45,USD
MGTS,2015-07-08,10.99,RUR
MGTS,2016-07-18,222.0,RUR
MGTS,2017-07-13,233.0,RUR
MGTS,2018-07-12,231.0,RUR
MGTS,2019-07-11,232.0,RUR
INTC-RM,2015-02-07,0.24,USD
INTC-RM,2015-05-07,0.24,USD
INTC-RM,2015-08-07,0.24,USD
INTC-RM,2015-11-07,0.24,USD
INTC-RM,2016-02-07,0.26,USD
INTC-RM,2016-05-07,0.26,USD
INTC-RM,2016-08-07,0.26,USD
INTC-RM,2016-11-07,0.26,USD
INTC-RM,2017-02-07,0.26,USD
INTC-RM,2017-05-07,0.2725,USD
INTC-RM,2017-08-07,0.2725,USD
INTC-RM,2017-11-07,0.2725,USD
INTC-RM,2018-02-07,0.3,USD
INTC-RM,2018-05-07,0.3,USD
INTC-RM,2018-08-07,0.3,USD
INTC-RM,2018-11-07,0.3,USD
INTC-RM,2019-02-07,0.315,USD
INTC-RM,2019-05-07,0.315,USD
INTC-RM,2019-08-07,0.315,USD
INTC-RM,2019-11-07,0.315,USD
INTC-RM,2020-02-07,0.33,USD
INTC-RM,2020-05-07,0.33,USD
INTC-RM,2020-08-07,0.33,USD
INTC-RM,2020-11-07,0.33,USD
INTC-RM,2021-02-07,0.3475,USD
INTC-RM,2021-05-07,0.3475,USD
INTC-RM,2021-08-07,0.3475,USD
DIS-RM,2015-07-06,0.66,USD
DIS-RM,2015-12-14,0.71,USD
DIS-RM,2016-07-11,0.71,USD
DIS-RM,2016-12-12,0.78,USD
DIS-RM,2017-07-10,0.78,USD
DIS-RM,2017-12-11,0.84,USD
DIS-RM,2018-07-09,0.84,USD
DIS-RM,2018-12-10,0.88,USD
DIS-RM,2019-07-08,0.88,USD
DIS-RM,2019-12-16,0.88,USD
ASSB,2018-06-03,0.015104,RUR
ASSB,2019-06-03,0.12,RUR
ASSB,2020-07-13,0.06,RUR
QCOM-RM,2021-09-02,0.68,USD
JNJ-RM,2021-08-24,1.06,USD
NLMK,2021-09-07,13.62,RUR
CHMF,2021-09-02,84.45,RUR
MAGN,2021-09-27,3.53,RUR
NEE-RM,2015-02-27,0.77,USD
NEE-RM,2015-05-29,0.77,USD
NEE-RM,2015-08-28,0.77,USD
NEE-RM,2015-11-27,0.77,USD
NEE-RM,2016-02-26,0.87,USD
NEE-RM,2016-05-31,0.87,USD
NEE-RM,2016-08-30,0.87,USD
NEE-RM,2016-11-25,0.87,USD
NEE-RM,2017-02-28,0.983,USD
NEE-RM,2017-05-30,0.983,USD
NEE-RM,2017-08-25,0.983,USD
NEE-RM,2017-11-24,0.983,USD
NEE-RM,2018-02-27,1.11,USD
NEE-RM,2018-06-05,1.11,USD
NEE-RM,2018-08-30,1.11,USD
NEE-RM,2018-11-30,1.11,USD
NEE-RM,2019-02-28,1.25,USD
NEE-RM,2019-06-03,1.25,USD
NEE-RM,2019-08-29,1.25,USD
NEE-RM,2019-11-29,1.25,USD
NEE-RM,2020-02-28,1.4,USD
NEE-RM,2020-06-02,1.4,USD
NEE-RM,2020-08-28,1.4,USD
NEE-RM,2020-11-27,0.35,USD
NEE-RM,2021-02-26,0.385,USD
NEE-RM,2021-06-02,0.385,USD
QIWI,2015-05-26,0.25,USD
QIWI,2016-03-29,0.5,USD
QIWI,2016-05-26,0.22,USD
QIWI,2016-08-29,0.22,USD
QIWI,2016-12-05,0.22,USD
QIWI,2017-04-03,0.19,USD
QIWI,2017-05-30,0.22,USD
QIWI,2017-08-29,0.21,USD
QIWI,2019-05-28,0.28,USD
QIWI,2019-08-30,0.28,USD
QIWI,2019-12-02,0.28,USD
QIWI,2020-04-06,0.22,USD
QIWI,2020-06-02,0.14,USD
QIWI,2020-09-22,0.33,USD
QIWI,2020-12-01,0.34,USD
QIWI,2021-04-27,0.31,USD
QIWI,2021-06-22,0.22,USD
TORSP,2015-07-11,0.015,RUR
TORSP,2016-07-15,0.0962,RUR
TORSP,2017-06-20,0.0276,RUR
TORSP,2018-06-18,0.017202696,RUR
TORSP,2019-07-03,0.010955421,RUR
TORSP,2020-01-14,0.0088,RUR
TORSP,2020-06-17,0.0073,RUR
MTSS,2021-10-12,10.55,RUR
TRMK,2021-09-17,17.71,RUR
V-RM,2021-08-13,0.32,USD
NEM-RM,2021-09-09,0.55,USD
KRSBP,2019-07-10,0.4550026303,RUR
KRSBP,2020-06-17,0.6065124464,RUR
KRSBP,2021-06-08,0.6471407623,RUR
KAZT,2019-05-07,5.0,RUR
KAZT,2019-09-23,1.0,RUR
KAZT,2019-12-29,1.0,RUR
KAZT,2021-05-11,6.85,RUR
MU-RM,2021-10-01,0.1,USD
NEE-RM,2021-08-27,0.385,USD
EA-RM,2020-12-02,0.17,USD
EA-RM,2021-03-03,0.17,USD
EA-RM,2021-06-02,0.17,USD
EA-RM,2021-09-01,0.17,USD
BISVP,2015-06-22,0.323,RUR
BISVP,2016-06-22,0.55,RUR
BISVP,2017-07-11,0.337,RUR
BISVP,2018-07-10,0.365,RUR
BISVP,2019-07-10,0.629,RUR
BISVP,2020-10-09,0.782,RUR
BISVP,2021-07-15,0.264,RUR
NKNCP,2021-09-20,9.538,RUR
NKNC,2021-09-20,9.538,RUR
KZOS,2021-09-20,5.745,RUR
GEMA,2021-10-05,45.0,RUR
PHOR,2021-09-24,156.0,RUR
AAPL-RM,2015-02-09,0.47,USD
AAPL-RM,2015-05-11,0.52,USD
AAPL-RM,2015-08-10,0.52,USD
AAPL-RM,2015-11-09,0.52,USD
AAPL-RM,2016-02-08,0.52,USD
AAPL-RM,2016-05-09,0.57,USD
AAPL-RM,2016-08-08,0.57,USD
AAPL-RM,2016-11-07,0.57,USD
AAPL-RM,2017-02-13,0.57,USD
AAPL-RM,2017-05-15,0.63,USD
AAPL-RM,2017-08-14,0.63,USD
AAPL-RM,2017-11-13,0.63,USD
AAPL-RM,2018-02-12,0.63,USD
AAPL-RM,2018-05-14,0.73,USD
AAPL-RM,2018-08-13,0.73,USD
AAPL-RM,2018-11-12,0.73,USD
AAPL-RM,2019-02-11,0.73,USD
AAPL-RM,2019-05-13,0.77,USD
AAPL-RM,2019-08-12,0.77,USD
AAPL-RM,2019-11-11,0.77,USD
AAPL-RM,2020-02-10,0.77,USD
AAPL-RM,2020-05-11,0.82,USD
AAPL-RM,2020-08-10,0.82,USD
AAPL-RM,2020-11-09,0.205,USD
AAPL-RM,2021-02-08,0.205,USD
AAPL-RM,2021-05-10,0.22,USD
AAPL-RM,2021-08-09,0.22,USD
NVDA-RM,2015-02-26,0.085,USD
NVDA-RM,2015-05-21,0.0975,USD
NVDA-RM,2015-08-20,0.0975,USD
NVDA-RM,2015-11-20,0.115,USD
NVDA-RM,2016-03-02,0.115,USD
NVDA-RM,2016-05-26,0.115,USD
NVDA-RM,2016-08-25,0.115,USD
NVDA-RM,2016-11-28,0.14,USD
NVDA-RM,2017-02-24,0.14,USD
NVDA-RM,2017-05-23,0.14,USD
NVDA-RM,2017-08-24,0.14,USD
NVDA-RM,2017-11-24,0.15,USD
NVDA-RM,2018-02-23,0.15,USD
NVDA-RM,2018-05-24,0.15,USD
NVDA-RM,2018-08-30,0.15,USD
NVDA-RM,2018-11-30,0.16,USD
NVDA-RM,2019-03-01,0.16,USD
NVDA-RM,2019-05-31,0.16,USD
NVDA-RM,2019-08-29,0.16,USD
NVDA-RM,2019-11-29,0.16,USD
NVDA-RM,2020-02-28,0.16,USD
NVDA-RM,2020-06-05,0.16,USD
NVDA-RM,2020-09-02,0.16,USD
NVDA-RM,2020-12-04,0.16,USD
NVDA-RM,2021-03-10,0.16,USD
NVDA-RM,2021-06-10,0.16,USD
RUAL,2015-10-29,0.01645,USD
RUAL,2016-10-03,0.01645,USD
RUAL,2017-09-08,0.0197,USD
KBSB,2017-10-30,4.2675,RUR
KBSB,2018-07-16,13.6627,RUR
KBSB,2019-06-17,4.1432,RUR
QIWI,2021-09-07,0.3,USD
GCHE,2021-10-03,85.27,RUR
AGRO,2021-09-10,0.89,USD
AQUA,2021-09-21,4.0,RUR
BELU,2021-10-04,72.76,RUR
MCD-RM,2015-03-02,0.85,USD
MCD-RM,2015-06-01,0.85,USD
MCD-RM,2015-09-01,0.85,USD
MCD-RM,2015-12-01,0.89,USD
MCD-RM,2016-03-01,0.89,USD
MCD-RM,2016-06-06,0.89,USD
MCD-RM,2016-09-01,0.89,USD
MCD-RM,2016-12-01,0.94,USD
MCD-RM,2017-03-01,0.94,USD
MCD-RM,2017-06-05,0.94,USD
MCD-RM,2017-09-01,0.94,USD
MCD-RM,2017-12-01,1.01,USD
MCD-RM,2018-03-01,1.01,USD
MCD-RM,2018-06-04,1.01,USD
MCD-RM,2018-09-04,1.01,USD
MCD-RM,2018-12-03,1.16,USD
MCD-RM,2019-03-01,1.16,USD
MCD-RM,2019-06-03,1.16,USD
MCD-RM,2019-09-03,1.16,USD
MCD-RM,2019-12-02,1.25,USD
MCD-RM,2020-03-02,1.25,USD
MCD-RM,2020-06-01,1.25,USD
MCD-RM,2020-09-01,1.25,USD
MCD-RM,2020-12-01,1.29,USD
MCD-RM,2021-03-01,1.29,USD
MCD-RM,2021-06-01,1.29,USD
MCD-RM,2021-09-01,1.29,USD
RASP,2021-10-04,23.0,RUR
NKHP,2021-10-11,9.5,RUR
ROSN,2021-10-11,18.03,RUR
TATN,2021-10-12,16.52,RUR
TATNP,2021-10-12,16.52,RUR
POLY,2021-09-10,0.45,USD
PLZL,2021-10-11,267.48,RUR
MSFT-RM,2015-02-19,0.31,USD
MSFT-RM,2015-05-21,0.31,USD
MSFT-RM,2015-08-20,0.31,USD
MSFT-RM,2015-11-19,0.36,USD
MSFT-RM,2016-02-18,0.36,USD
MSFT-RM,2016-05-19,0.36,USD
MSFT-RM,2016-08-18,0.36,USD
MSFT-RM,2016-11-17,0.39,USD
MSFT-RM,2017-02-16,0.39,USD
MSFT-RM,2017-05-18,0.39,USD
MSFT-RM,2017-08-17,0.39,USD
MSFT-RM,2017-11-16,0.42,USD
MSFT-RM,2018-02-15,0.42,USD
MSFT-RM,2018-05-17,0.42,USD
MSFT-RM,2018-08-16,0.42,USD
MSFT-RM,2018-11-15,0.46,USD
MSFT-RM,2019-02-21,0.46,USD
MSFT-RM,2019-05-16,0.46,USD
MSFT-RM,2019-08-15,0.46,USD
MSFT-RM,2019-11-21,0.51,USD
MSFT-RM,2020-02-20,0.51,USD
MSFT-RM,2020-05-21,0.51,USD
MSFT-RM,2020-08-20,0.51,USD
MSFT-RM,2020-11-19,0.56,USD
MSFT-RM,2021-02-18,0.56,USD
MSFT-RM,2021-05-20,0.56,USD
MSFT-RM,2021-08-19,0.56,USD
NVTK,2021-10-11,27.67,RUR
SMLT,2021-10-15,41.0,RUR
ALRS,2021-10-19,8.79,RUR
GLTR,2021-09-07,22.5,RUR
AKRN,2021-10-11,30.0,RUR
MDMG,2021-09-24,18.0,RUR
CSCO-RM,2015-01-06,0.19,USD
CSCO-RM,2015-04-02,0.21,USD
CSCO-RM,2015-07-06,0.21,USD
CSCO-RM,2015-10-05,0.21,USD
CSCO-RM,2016-01-06,0.21,USD
CSCO-RM,2016-04-06,0.26,USD
CSCO-RM,2016-07-07,0.26,USD
CSCO-RM,2016-10-05,0.26,USD
CSCO-RM,2017-01-06,0.26,USD
CSCO-RM,2017-04-06,0.29,USD
CSCO-RM,2017-07-07,0.29,USD
CSCO-RM,2017-10-05,0.29,USD
CSCO-RM,2018-01-05,0.29,USD
CSCO-RM,2018-04-05,0.33,USD
CSCO-RM,2018-07-06,0.33,USD
CSCO-RM,2018-10-05,0.33,USD
CSCO-RM,2019-01-04,0.33,USD
CSCO-RM,2019-04-04,0.35,USD
CSCO-RM,2019-07-05,0.35,USD
CSCO-RM,2019-10-04,0.35,USD
CSCO-RM,2020-01-03,0.35,USD
CSCO-RM,2020-04-03,0.36,USD
CSCO-RM,2020-07-06,0.36,USD
CSCO-RM,2020-10-02,0.36,USD
CSCO-RM,2021-01-05,0.36,USD
CSCO-RM,2021-04-06,0.37,USD
CSCO-RM,2021-07-06,0.37,USD
ABBV-RM,2021-10-15,1.3,USD
BMY-RM,2021-07-02,0.49,USD
BMY-RM,2021-10-01,0.49,USD
MSFT-RM,2021-11-18,0.62,USD
ABT-RM,2021-10-15,0.45,USD
INTC-RM,2021-11-07,0.3475,USD
IBM-RM,2015-02-10,1.1,USD
IBM-RM,2015-05-08,1.3,USD
IBM-RM,2015-08-10,1.3,USD
IBM-RM,2015-11-10,1.3,USD
IBM-RM,2016-02-10,1.3,USD
IBM-RM,2016-05-10,1.4,USD
IBM-RM,2016-08-10,1.4,USD
IBM-RM,2016-11-10,1.4,USD
IBM-RM,2017-02-10,1.4,USD
IBM-RM,2017-05-10,1.5,USD
IBM-RM,2017-08-10,1.5,USD
IBM-RM,2017-11-10,1.5,USD
IBM-RM,2018-02-09,1.5,USD
IBM-RM,2018-05-10,1.57,USD
IBM-RM,2018-08-10,1.57,USD
IBM-RM,2018-11-09,1.57,USD
IBM-RM,2019-02-08,1.57,USD
IBM-RM,2019-05-10,1.62,USD
IBM-RM,2019-08-09,1.62,USD
IBM-RM,2019-11-08,1.62,USD
IBM-RM,2020-02-10,1.62,USD
IBM-RM,2020-05-08,1.63,USD
IBM-RM,2020-08-10,1.63,USD
IBM-RM,2020-11-10,1.63,USD
IBM-RM,2021-02-10,1.63,USD
IBM-RM,2021-05-10,1.64,USD
IBM-RM,2021-08-10,1.64,USD
MCD-RM,2021-12-01,1.38,USD
PFE-RM,2021-11-05,0.39,USD
T-RM,2021-07-09,0.52,USD
T-RM,2021-10-11,0.52,USD
NKE-RM,2015-03-02,0.28,USD
NKE-RM,2015-06-01,0.28,USD
NKE-RM,2015-09-08,0.28,USD
NKE-RM,2015-12-09,0.16,USD
NKE-RM,2016-03-07,0.16,USD
NKE-RM,2016-06-06,0.16,USD
NKE-RM,2016-09-06,0.16,USD
NKE-RM,2016-12-05,0.18,USD
NKE-RM,2017-03-06,0.18,USD
NKE-RM,2017-06-05,0.18,USD
NKE-RM,2017-09-05,0.18,USD
NKE-RM,2017-12-04,0.2,USD
NKE-RM,2018-03-05,0.2,USD
NKE-RM,2018-06-04,0.2,USD
NKE-RM,2018-09-04,0.2,USD
NKE-RM,2018-12-03,0.22,USD
NKE-RM,2019-03-04,0.22,USD
NKE-RM,2019-06-03,0.22,USD
NKE-RM,2019-09-03,0.22,USD
NKE-RM,2019-12-02,0.245,USD
NKE-RM,2020-03-02,0.245,USD
NKE-RM,2020-06-01,0.245,USD
NKE-RM,2020-08-31,0.245,USD
NKE-RM,2020-12-07,0.275,USD
NKE-RM,2021-03-01,0.275,USD
NKE-RM,2021-06-01,0.275,USD
NKE-RM,2021-08-30,0.275,USD
SBUX-RM,2021-11-12,0.49,USD
KHC-RM,2015-07-27,0.55,USD
KHC-RM,2015-11-16,0.575,USD
KHC-RM,2015-12-23,0.575,USD
KHC-RM,2016-03-18,0.575,USD
KHC-RM,2016-05-27,0.575,USD
KHC-RM,2016-08-26,0.6,USD
KHC-RM,2016-12-02,0.6,USD
KHC-RM,2017-03-03,0.6,USD
KHC-RM,2017-05-19,0.6,USD
KHC-RM,2017-08-18,0.625,USD
KHC-RM,2017-11-17,0.625,USD
KHC-RM,2018-03-09,0.625,USD
KHC-RM,2018-05-18,0.625,USD
KHC-RM,2018-08-17,0.625,USD
KHC-RM,2018-11-16,0.625,USD
KHC-RM,2019-03-08,0.4,USD
KHC-RM,2019-05-31,0.4,USD
KHC-RM,2019-08-21,0.4,USD
KHC-RM,2019-11-15,0.4,USD
KHC-RM,2020-03-13,0.4,USD
KHC-RM,2020-05-29,0.4,USD
KHC-RM,2020-08-28,0.4,USD
KHC-RM,2020-11-27,0.4,USD
KHC-RM,2021-03-12,0.4,USD
KHC-RM,2021-05-28,0.4,USD
KHC-RM,2021-09-01,0.4,USD
LKOH,2021-12-21,340.0,RUR
TGT-RM,2015-02-18,0.52,USD
TGT-RM,2015-05-20,0.52,USD
TGT-RM,2015-08-19,0.56,USD
TGT-RM,2015-11-18,0.56,USD
TGT-RM,2016-02-18,0.56,USD
TGT-RM,2016-05-18,0.56,USD
TGT-RM,2016-08-17,0.6,USD
TGT-RM,2016-11-16,0.6,USD
TGT-RM,2017-02-15,0.6,USD
TGT-RM,2017-05-17,0.6,USD
TGT-RM,2017-08-16,0.62,USD
TGT-RM,2017-11-15,0.62,USD
TGT-RM,2018-02-21,0.62,USD
TGT-RM,2018-05-16,0.62,USD
TGT-RM,2018-08-15,0.64,USD
TGT-RM,2018-11-21,0.64,USD
TGT-RM,2019-02-20,0.64,USD
TGT-RM,2019-05-15,0.64,USD
TGT-RM,2019-08-21,0.66,USD
TGT-RM,2019-11-20,0.66,USD
TGT-RM,2020-02-19,0.66,USD
TGT-RM,2020-05-20,0.66,USD
TGT-RM,2020-08-19,0.68,USD
TGT-RM,2020-11-18,0.68,USD
TGT-RM,2021-02-17,0.68,USD
TGT-RM,2021-05-19,0.68,USD
TGT-RM,2021-08-18,0.9,USD
TGT-RM,2021-11-17,0.9,USD
QCOM-RM,2021-12-02,0.68,USD
NEE-RM,2021-11-26,0.385,USD
CHMF,2021-12-14,85.93,RUR
NLMK,2021-12-07,13.33,RUR
JNJ-RM,2021-11-23,1.06,USD
ETLN,2021-12-10,9.39,RUR
MAGN,2022-01-13,2.663,RUR
ABBV-RM,2022-01-14,1.41,USD
MGNT,2021-12-31,294.37,RUR
AQUA,2021-12-20,4.0,RUR
DSKY,2021-12-26,5.2,RUR
MVID,2021-12-16,35.0,RUR
KAZT,2021-12-22,10.0,RUR
PHOR,2021-12-20,234.0,RUR
AKRN,2021-12-14,720.0,RUR
GE-RM,2015-02-23,0.23,USD
GE-RM,2015-06-22,0.23,USD
GE-RM,2015-09-21,0.23,USD
GE-RM,2015-12-21,0.23,USD
GE-RM,2016-02-29,0.23,USD
GE-RM,2016-06-20,0.23,USD
GE-RM,2016-09-19,0.23,USD
GE-RM,2016-12-27,0.24,USD
GE-RM,2017-02-27,0.24,USD
GE-RM,2017-06-19,0.24,USD
GE-RM,2017-09-18,0.24,USD
GE-RM,2017-12-27,0.12,USD
GE-RM,2018-02-26,0.12,USD
GE-RM,2018-06-18,0.12,USD
GE-RM,2018-09-09,0.12,USD
GE-RM,2018-12-20,0.01,USD
GE-RM,2019-03-11,0.01,USD
GE-RM,2019-07-01,0.01,USD
GE-RM,2019-09-16,0.01,USD
GE-RM,2019-12-23,0.01,USD
GE-RM,2020-03-09,0.01,USD
GE-RM,2020-06-29,0.01,USD
GE-RM,2020-09-28,0.01,USD
GE-RM,2020-12-21,0.01,USD
GE-RM,2021-03-08,0.01,USD
GE-RM,2021-06-28,0.08,USD
GE-RM,2021-09-27,0.08,USD
PG-RM,2015-01-23,0.644,USD
PG-RM,2015-04-27,0.663,USD
PG-RM,2015-07-24,0.663,USD
PG-RM,2015-10-23,0.663,USD
PG-RM,2016-01-22,0.663,USD
PG-RM,2016-04-18,0.669,USD
PG-RM,2016-07-22,0.669,USD
PG-RM,2016-10-21,0.669,USD
PG-RM,2017-01-20,0.669,USD
PG-RM,2017-04-21,0.69,USD
PG-RM,2017-07-21,0.69,USD
PG-RM,2017-10-20,0.69,USD
PG-RM,2018-01-19,0.69,USD
PG-RM,2018-04-20,0.717,USD
PG-RM,2018-07-20,0.717,USD
PG-RM,2018-10-19,0.717,USD
PG-RM,2019-01-18,0.717,USD
PG-RM,2019-04-19,0.746,USD
PG-RM,2019-07-19,0.746,USD
PG-RM,2019-10-18,0.746,USD
PG-RM,2020-01-24,0.746,USD
PG-RM,2020-04-24,0.791,USD
PG-RM,2020-07-24,0.791,USD
PG-RM,2020-10-23,0.791,USD
PG-RM,2021-01-22,0.791,USD
PG-RM,2021-04-23,0.87,USD
PG-RM,2021-07-23,0.87,USD
PG-RM,2021-10-22,0.87,USD
SIBN,2021-12-28,40.0,RUR
MRSB,2021-12-06,0.023076,RUR
UPRO,2021-12-17,0.190329044536,RUR
CAT-RM,2015-01-20,0.7,USD
CAT-RM,2015-04-20,0.7,USD
CAT-RM,2015-07-20,0.77,USD
CAT-RM,2015-10-26,0.77,USD
CAT-RM,2016-01-20,0.77,USD
CAT-RM,2016-04-25,0.77,USD
CAT-RM,2016-07-20,0.77,USD
CAT-RM,2016-10-24,0.77,USD
CAT-RM,2017-01-20,0.77,USD
CAT-RM,2017-04-24,0.77,USD
CAT-RM,2017-07-20,0.78,USD
CAT-RM,2017-10-23,0.78,USD
CAT-RM,2018-01-22,0.78,USD
CAT-RM,2018-04-23,0.78,USD
CAT-RM,2018-07-20,0.86,USD
CAT-RM,2018-10-22,0.86,USD
CAT-RM,2019-01-22,0.86,USD
CAT-RM,2019-04-22,0.86,USD
CAT-RM,2019-07-22,1.03,USD
CAT-RM,2019-10-21,1.03,USD
CAT-RM,2020-01-21,1.03,USD
CAT-RM,2020-04-20,1.03,USD
CAT-RM,2020-07-20,1.03,USD
CAT-RM,2020-10-26,1.03,USD
CAT-RM,2021-01-20,1.03,USD
CAT-RM,2021-04-26,1.03,USD
CAT-RM,2021-07-20,1.11,USD
CAT-RM,2021-10-25,1.11,USD
SBUX-RM,2022-02-11,0.49,USD
RASP,2022-01-18,28.0,RUR
TATN,2022-01-10,9.98,RUR
TATNP,2022-01-10,9.98,RUR
GMKN,2022-01-14,1523.17,RUR
QIWI,2021-12-06,0.3,USD
FIVE,2021-12-17,73.65,RUR
KO-RM,2015-03-16,0.33,USD
KO-RM,2015-06-15,0.33,USD
KO-RM,2015-09-15,0.33,USD
KO-RM,2015-12-01,0.33,USD
KO-RM,2016-03-15,0.35,USD
KO-RM,2016-06-15,0.35,USD
KO-RM,2016-09-15,0.35,USD
KO-RM,2016-12-01,0.35,USD
KO-RM,2017-03-15,0.37,USD
KO-RM,2017-06-15,0.37,USD
KO-RM,2017-09-15,0.37,USD
KO-RM,2017-12-01,0.37,USD
KO-RM,2018-03-15,0.39,USD
KO-RM,2018-06-15,0.39,USD
KO-RM,2018-09-14,0.39,USD
KO-RM,2018-11-30,0.39,USD
KO-RM,2019-03-15,0.4,USD
KO-RM,2019-06-14,0.4,USD
KO-RM,2019-09-16,0.4,USD
KO-RM,2019-12-02,0.4,USD
KO-RM,2020-03-16,0.41,USD
KO-RM,2020-06-15,0.41,USD
KO-RM,2020-09-15,0.41,USD
KO-RM,2020-12-01,0.41,USD
KO-RM,2021-03-15,0.42,USD
KO-RM,2021-06-15,0.42,USD
KO-RM,2021-09-15,0.42,USD
KO-RM,2021-12-01,0.42,USD
GEMA,2022-01-05,23.5,RUR
GM-RM,2015-03-11,0.3,USD
GM-RM,2015-06-10,0.36,USD
GM-RM,2015-09-14,0.36,USD
GM-RM,2015-12-18,0.36,USD
GM-RM,2016-03-11,0.38,USD
GM-RM,2016-06-10,0.38,USD
GM-RM,2016-09-09,0.38,USD
GM-RM,2016-12-07,0.38,USD
GM-RM,2017-03-10,0.38,USD
GM-RM,2017-06-09,0.38,USD
GM-RM,2017-09-08,0.38,USD
GM-RM,2017-12-08,0.38,USD
GM-RM,2018-03-09,0.38,USD
GM-RM,2018-06-08,0.38,USD
GM-RM,2018-09-07,0.38,USD
GM-RM,2018-12-07,0.38,USD
GM-RM,2019-03-08,0.38,USD
GM-RM,2019-06-07,0.38,USD
GM-RM,2019-09-06,0.38,USD
GM-RM,2019-12-06,0.38,USD
GM-RM,2020-03-06,0.38,USD
CAT-RM,2022-01-20,1.11,USD
MA-RM,2015-01-09,0.16,USD
MA-RM,2015-04-09,0.16,USD
MA-RM,2015-07-09,0.16,USD
MA-RM,2015-10-09,0.16,USD
MA-RM,2016-01-08,0.19,USD
MA-RM,2016-04-08,0.19,USD
MA-RM,2016-07-08,0.19,USD
MA-RM,2016-10-10,0.19,USD
MA-RM,2017-01-09,0.22,USD
MA-RM,2017-04-07,0.22,USD
MA-RM,2017-07-07,0.22,USD
MA-RM,2017-10-06,0.22,USD
MA-RM,2018-01-09,0.25,USD
MA-RM,2018-04-09,0.25,USD
MA-RM,2018-07-09,0.25,USD
MA-RM,2018-10-09,0.25,USD
MA-RM,2019-01-09,0.33,USD
MA-RM,2019-04-09,0.33,USD
MA-RM,2019-07-09,0.33,USD
MA-RM,2019-10-09,0.33,USD
MA-RM,2020-01-09,0.4,USD
MA-RM,2020-04-09,0.4,USD
MA-RM,2020-07-09,0.4,USD
MA-RM,2020-10-09,0.4,USD
MA-RM,2021-01-08,0.44,USD
MA-RM,2021-04-09,0.44,USD
MA-RM,2021-07-09,0.44,USD
MA-RM,2021-10-08,0.44,USD
MA-RM,2022-01-07,0.49,USD
PFE-RM,2022-01-28,0.4,USD
MSFT-RM,2022-02-17,0.62,USD
ABT-RM,2022-01-14,0.47,USD
T-RM,2022-01-10,0.52,USD
CVX-RM,2015-02-17,1.07,USD
CVX-RM,2015-05-19,1.07,USD
CVX-RM,2015-08-19,1.07,USD
CVX-RM,2015-11-18,1.07,USD
CVX-RM,2016-02-18,1.07,USD
CVX-RM,2016-05-19,1.07,USD
CVX-RM,2016-08-19,1.07,USD
CVX-RM,2016-11-18,1.08,USD
CVX-RM,2017-02-16,1.08,USD
CVX-RM,2017-05-19,1.08,USD
CVX-RM,2017-08-18,1.08,USD
CVX-RM,2017-11-17,1.08,USD
CVX-RM,2018-02-16,1.12,USD
CVX-RM,2018-05-18,1.12,USD
CVX-RM,2018-08-17,1.12,USD
CVX-RM,2018-11-16,1.12,USD
CVX-RM,2019-02-15,1.19,USD
CVX-RM,2019-05-17,1.19,USD
CVX-RM,2019-08-19,1.19,USD
CVX-RM,2019-11-18,1.19,USD
CVX-RM,2020-02-18,1.29,USD
CVX-RM,2020-05-19,1.29,USD
CVX-RM,2020-08-19,1.29,USD
CVX-RM,2020-11-18,1.29,USD
CVX-RM,2021-02-17,1.29,USD
CVX-RM,2021-05-19,1.34,USD
CVX-RM,2021-08-19,1.34,USD
CVX-RM,2021-11-18,1.34,USD
EBAY-RM,2019-03-01,0.14,USD
EBAY-RM,2019-06-01,0.14,USD
EBAY-RM,2019-09-03,0.14,USD
EBAY-RM,2019-12-02,0.14,USD
EBAY-RM,2020-03-02,0.16,USD
EBAY-RM,2020-06-01,0.16,USD
EBAY-RM,2020-09-01,0.16,USD
EBAY-RM,2020-12-01,0.16,USD
EBAY-RM,2021-03-01,0.18,USD
EBAY-RM,2021-06-01,0.18,USD
EBAY-RM,2021-09-01,0.18,USD
EBAY-RM,2021-12-01,0.18,USD
GPS-RM,2015-01-07,0.22,USD
GPS-RM,2015-04-08,0.23,USD
GPS-RM,2015-07-08,0.23,USD
GPS-RM,2015-10-07,0.23,USD
GPS-RM,2016-01-06,0.23,USD
GPS-RM,2016-04-06,0.23,USD
GPS-RM,2016-07-06,0.23,USD
GPS-RM,2016-10-05,0.23,USD
GPS-RM,2017-01-04,0.23,USD
GPS-RM,2017-04-05,0.23,USD
GPS-RM,2017-07-05,0.23,USD
GPS-RM,2017-10-04,0.23,USD
GPS-RM,2018-01-03,0.23,USD
GPS-RM,2018-04-11,0.243,USD
GPS-RM,2018-07-11,0.243,USD
GPS-RM,2018-10-10,0.243,USD
GPS-RM,2019-01-09,0.243,USD
GPS-RM,2019-04-10,0.243,USD
GPS-RM,2019-07-10,0.243,USD
GPS-RM,2019-10-09,0.243,USD
GPS-RM,2020-01-08,0.243,USD
GPS-RM,2020-04-08,0.243,USD
GPS-RM,2021-04-07,0.243,USD
GPS-RM,2021-07-07,0.12,USD
GPS-RM,2021-10-06,0.12,USD
GPS-RM,2022-01-05,0.12,USD
CMCSA-RM,2015-01-07,0.225,USD
CMCSA-RM,2015-04-01,0.25,USD
CMCSA-RM,2015-07-01,0.25,USD
CMCSA-RM,2015-10-07,0.25,USD
CMCSA-RM,2016-01-06,0.25,USD
CMCSA-RM,2016-04-06,0.275,USD
CMCSA-RM,2016-07-06,0.275,USD
CMCSA-RM,2016-10-05,0.275,USD
CMCSA-RM,2017-01-04,0.275,USD
CMCSA-RM,2017-04-05,0.1575,USD
CMCSA-RM,2017-07-05,0.1575,USD
CMCSA-RM,2017-10-04,0.1575,USD
CMCSA-RM,2018-01-03,0.1575,USD
CMCSA-RM,2018-04-04,0.19,USD
CMCSA-RM,2018-07-03,0.19,USD
CMCSA-RM,2018-10-03,0.19,USD
CMCSA-RM,2019-01-02,0.19,USD
CMCSA-RM,2019-04-03,0.21,USD
CMCSA-RM,2019-07-03,0.21,USD
CMCSA-RM,2019-10-02,0.21,USD
CMCSA-RM,2020-01-08,0.21,USD
CMCSA-RM,2020-04-01,0.23,USD
CMCSA-RM,2020-07-01,0.23,USD
CMCSA-RM,2020-10-07,0.23,USD
CMCSA-RM,2021-01-06,0.23,USD
CMCSA-RM,2021-04-07,0.25,USD
CMCSA-RM,2021-07-07,0.25,USD
CMCSA-RM,2021-10-06,0.25,USD
CMCSA-RM,2022-01-05,0.25,USD
ORCL-RM,2015-01-07,0.12,USD
ORCL-RM,2015-04-07,0.15,USD
ORCL-RM,2015-07-08,0.15,USD
ORCL-RM,2015-10-14,0.15,USD
ORCL-RM,2016-01-06,0.15,USD
ORCL-RM,2016-04-14,0.15,USD
ORCL-RM,2016-07-06,0.15,USD
ORCL-RM,2016-10-12,0.15,USD
ORCL-RM,2017-01-05,0.15,USD
ORCL-RM,2017-04-12,0.19,USD
ORCL-RM,2017-07-19,0.19,USD
ORCL-RM,2017-10-11,0.19,USD
ORCL-RM,2018-01-10,0.19,USD
ORCL-RM,2018-04-17,0.19,USD
ORCL-RM,2018-07-17,0.19,USD
ORCL-RM,2018-10-16,0.19,USD
ORCL-RM,2019-01-16,0.19,USD
ORCL-RM,2019-04-11,0.24,USD
ORCL-RM,2019-07-17,0.24,USD
ORCL-RM,2019-10-10,0.24,USD
ORCL-RM,2020-01-09,0.24,USD
ORCL-RM,2020-04-09,0.24,USD
ORCL-RM,2020-07-15,0.24,USD
ORCL-RM,2020-10-08,0.24,USD
ORCL-RM,2021-01-07,0.24,USD
ORCL-RM,2021-04-08,0.32,USD
ORCL-RM,2021-07-15,0.32,USD
ORCL-RM,2021-10-12,0.32,USD
ORCL-RM,2022-01-07,0.32,USD
JNJ-RM,2022-02-22,1.06,USD
VTRS-RM,2021-05-24,0.11,USD
VTRS-RM,2021-08-24,0.11,USD
VTRS-RM,2021-11-23,0.11,USD
VTRS-RM,2022-02-24,0.12,USD
F-RM,2021-11-19,0.1,USD
F-RM,2022-01-31,0.1,USD
HHRU,2022-01-24,0.84,USD
UNH-RM,2015-03-13,0.375,USD
UNH-RM,2015-06-15,0.5,USD
UNH-RM,2015-09-11,0.5,USD
UNH-RM,2015-12-04,0.5,USD
UNH-RM,2016-03-11,0.5,USD
UNH-RM,2016-06-17,0.625,USD
UNH-RM,2016-09-09,0.625,USD
UNH-RM,2016-12-02,0.625,USD
UNH-RM,2017-03-10,0.625,USD
UNH-RM,2017-06-19,0.75,USD
UNH-RM,2017-09-08,0.75,USD
UNH-RM,2017-12-01,0.75,USD
UNH-RM,2018-03-09,0.75,USD
UNH-RM,2018-06-18,0.9,USD
UNH-RM,2018-09-07,0.9,USD
UNH-RM,2018-12-03,0.9,USD
UNH-RM,2019-03-11,0.9,USD
UNH-RM,2019-06-17,1.08,USD
UNH-RM,2019-09-16,1.08,USD
UNH-RM,2019-12-09,1.08,USD
UNH-RM,2020-03-16,1.08,USD
UNH-RM,2020-06-22,1.25,USD
UNH-RM,2020-09-14,1.25,USD
UNH-RM,2020-12-07,1.25,USD
UNH-RM,2021-03-15,1.25,USD
UNH-RM,2021-06-21,1.45,USD
UNH-RM,2021-09-13,1.45,USD
UNH-RM,2021-12-06,1.45,USD
HPQ-RM,2021-12-08,0.25,USD
HPQ-RM,2022-03-09,0.25,USD
TGT-RM,2022-02-16,0.9,USD
QCOM-RM,2022-03-03,0.68,USD
FIXP,2021-09-24,11.5,RUR
MCD-RM,2022-03-01,1.38,USD
COST-RM,2015-02-09,5.0,USD
COST-RM,2015-02-13,0.355,USD
COST-RM,2015-05-01,0.4,USD
COST-RM,2015-08-14,0.4,USD
COST-RM,2015-11-13,0.4,USD
COST-RM,2016-02-12,0.4,USD
COST-RM,2016-04-29,0.45,USD
COST-RM,2016-08-12,0.45,USD
COST-RM,2016-11-04,0.45,USD
COST-RM,2017-02-10,0.45,USD
COST-RM,2017-05-10,7.0,USD
COST-RM,2017-05-12,0.5,USD
COST-RM,2017-08-18,0.5,USD
COST-RM,2017-11-17,0.5,USD
COST-RM,2018-02-16,0.5,USD
COST-RM,2018-05-11,0.57,USD
COST-RM,2018-08-31,0.57,USD
COST-RM,2018-11-09,0.57,USD
COST-RM,2019-02-08,0.57,USD
COST-RM,2019-05-10,0.65,USD
COST-RM,2019-08-30,0.65,USD
COST-RM,2019-11-01,0.65,USD
COST-RM,2020-02-07,0.65,USD
COST-RM,2020-05-01,0.7,USD
COST-RM,2020-07-31,0.7,USD
COST-RM,2020-10-30,0.7,USD
COST-RM,2020-12-02,10.0,USD
COST-RM,2021-02-05,0.7,USD
COST-RM,2021-04-30,0.79,USD
COST-RM,2021-07-30,0.79,USD
COST-RM,2021-10-29,0.79,USD
COST-RM,2022-02-04,0.79,USD
CMCSA-RM,2022-04-06,0.27,USD
PTR-RM,2015-07-01,1.392,USD
PTR-RM,2015-09-10,0.86,USD
PTR-RM,2016-05-31,0.322,USD
PTR-RM,2016-09-13,0.269,USD
PTR-RM,2017-06-14,0.476,USD
PTR-RM,2018-06-13,0.832,USD
PTR-RM,2018-09-13,1.13,USD
PTR-RM,2019-06-20,1.185,USD
PTR-RM,2019-09-16,0.971,USD
PTR-RM,2020-06-22,0.82,USD
PTR-RM,2020-09-29,1.117,USD
PTR-RM,2021-06-21,1.208,USD
PTR-RM,2021-09-09,1.791,USD
GILD-RM,2015-06-16,0.43,USD
GILD-RM,2015-09-16,0.43,USD
GILD-RM,2015-12-16,0.43,USD
GILD-RM,2016-03-16,0.43,USD
GILD-RM,2016-06-16,0.47,USD
GILD-RM,2016-09-16,0.47,USD
GILD-RM,2016-12-15,0.47,USD
GILD-RM,2017-03-16,0.52,USD
GILD-RM,2017-06-16,0.52,USD
GILD-RM,2017-09-15,0.52,USD
GILD-RM,2017-12-15,0.52,USD
GILD-RM,2018-03-16,0.57,USD
GILD-RM,2018-06-15,0.57,USD
GILD-RM,2018-09-14,0.57,USD
GILD-RM,2018-12-14,0.57,USD
GILD-RM,2019-03-15,0.63,USD
GILD-RM,2019-06-14,0.63,USD
GILD-RM,2019-09-13,0.63,USD
GILD-RM,2019-12-13,0.63,USD
GILD-RM,2020-03-13,0.68,USD
GILD-RM,2020-06-12,0.68,USD
GILD-RM,2020-09-15,0.68,USD
GILD-RM,2020-12-15,0.68,USD
GILD-RM,2021-03-15,0.71,USD
GILD-RM,2021-06-15,0.71,USD
GILD-RM,2021-09-15,0.71,USD
GILD-RM,2021-12-15,0.71,USD
GILD-RM,2022-03-15,0.73,USD
AKRN,2022-03-09,240.0,RUR
EA-RM,2021-12-08,0.17,USD
EA-RM,2022-03-09,0.17,USD
ATVI-RM,2022-04-15,0.47,USD
HON-RM,2015-02-26,0.5175,USD
HON-RM,2015-05-21,0.5175,USD
HON-RM,2015-08-20,0.5175,USD
HON-RM,2015-11-19,0.595,USD
HON-RM,2016-02-25,0.595,USD
HON-RM,2016-05-19,0.595,USD
HON-RM,2016-08-19,0.595,USD
HON-RM,2016-11-18,0.665,USD
HON-RM,2017-02-24,0.665,USD
HON-RM,2017-05-19,0.665,USD
HON-RM,2017-08-18,0.665,USD
HON-RM,2017-11-17,0.745,USD
HON-RM,2018-02-23,0.745,USD
HON-RM,2018-05-18,0.745,USD
HON-RM,2018-08-17,0.745,USD
HON-RM,2018-11-16,0.82,USD
HON-RM,2019-02-22,0.82,USD
HON-RM,2019-05-24,0.82,USD
HON-RM,2019-08-16,0.82,USD
HON-RM,2019-11-15,0.9,USD
HON-RM,2020-02-28,0.9,USD
HON-RM,2020-05-15,0.9,USD
HON-RM,2020-08-14,0.9,USD
HON-RM,2020-11-13,0.93,USD
HON-RM,2021-02-26,0.93,USD
HON-RM,2021-05-14,0.93,USD
HON-RM,2021-08-13,0.93,USD
HON-RM,2021-11-12,0.98,USD
HON-RM,2022-02-25,0.98,USD
MA-RM,2022-04-08,0.49,USD
INGR,2022-03-28,41.69,RUR
ABT-RM,2022-04-15,0.47,USD
ABBV-RM,2022-04-15,1.41,USD
CSCO-RM,2021-10-05,0.37,USD
CSCO-RM,2022-01-05,0.37,USD
CSCO-RM,2022-04-06,0.38,USD
WMT-RM,2022-03-18,0.56,USD
CHMF,2022-05-31,109.81,RUR
LLY-RM,2015-02-13,0.5,USD
LLY-RM,2015-05-18,0.5,USD
LLY-RM,2015-08-14,0.5,USD
LLY-RM,2015-11-13,0.5,USD
LLY-RM,2016-02-12,0.51,USD
LLY-RM,2016-05-13,0.51,USD
LLY-RM,2016-08-15,0.51,USD
LLY-RM,2016-11-15,0.51,USD
LLY-RM,2017-02-15,0.52,USD
LLY-RM,2017-05-15,0.52,USD
LLY-RM,2017-08-15,0.52,USD
LLY-RM,2017-11-15,0.52,USD
LLY-RM,2018-02-15,0.563,USD
LLY-RM,2018-05-17,0.563,USD
LLY-RM,2018-08-15,0.563,USD
LLY-RM,2018-11-15,0.563,USD
LLY-RM,2019-02-15,0.645,USD
LLY-RM,2019-05-17,0.645,USD
LLY-RM,2019-08-15,0.645,USD
LLY-RM,2019-11-15,0.645,USD
LLY-RM,2020-02-14,0.74,USD
LLY-RM,2020-05-15,0.74,USD
LLY-RM,2020-08-14,0.74,USD
LLY-RM,2020-11-13,0.74,USD
LLY-RM,2021-02-12,0.85,USD
LLY-RM,2021-05-14,0.85,USD
LLY-RM,2021-08-13,0.85,USD
LLY-RM,2021-11-15,0.85,USD
LLY-RM,2022-02-15,0.98,USD
MOS-RM,2015-03-05,0.25,USD
MOS-RM,2015-06-04,0.275,USD
MOS-RM,2015-09-03,0.275,USD
MOS-RM,2015-12-03,0.275,USD
MOS-RM,2016-03-03,0.275,USD
MOS-RM,2016-06-02,0.275,USD
MOS-RM,2016-09-08,0.275,USD
MOS-RM,2016-12-01,0.275,USD
MOS-RM,2017-03-02,0.275,USD
MOS-RM,2017-06-01,0.15,USD
MOS-RM,2017-09-07,0.15,USD
MOS-RM,2017-12-07,0.025,USD
MOS-RM,2018-03-01,0.025,USD
MOS-RM,2018-06-07,0.025,USD
MOS-RM,2018-09-06,0.025,USD
MOS-RM,2018-12-06,0.025,USD
MOS-RM,2019-03-07,0.025,USD
MOS-RM,2019-06-06,0.05,USD
MOS-RM,2019-09-05,0.05,USD
MOS-RM,2019-12-05,0.05,USD
MOS-RM,2020-03-05,0.05,USD
MOS-RM,2020-06-04,0.05,USD
MOS-RM,2020-09-03,0.05,USD
MOS-RM,2020-12-03,0.05,USD
MOS-RM,2021-03-04,0.05,USD
MOS-RM,2021-06-03,0.075,USD
MOS-RM,2021-09-02,0.075,USD
MOS-RM,2021-12-02,0.075,USD
MOS-RM,2022-03-03,0.112,USD
CI-RM,2015-03-12,0.04,USD
CI-RM,2016-03-11,0.04,USD
CI-RM,2017-03-10,0.04,USD
CI-RM,2018-03-12,0.04,USD
CI-RM,2019-03-11,0.04,USD
CI-RM,2020-03-10,0.04,USD
CI-RM,2021-03-10,1.0,USD
CI-RM,2021-06-08,1.0,USD
CI-RM,2021-09-08,1.0,USD
CI-RM,2021-12-07,1.0,USD
CI-RM,2022-03-09,1.12,USD
GPS-RM,2022-04-06,0.15,USD
BMY-RM,2022-01-07,0.54,USD
BMY-RM,2022-04-01,0.54,USD
TGT-RM,2022-05-18,0.9,USD
ORCL-RM,2022-04-08,0.32,USD
WMT-RM,2022-05-06,0.56,USD
MSFT-RM,2022-05-19,0.62,USD
AVGO-RM,2021-06-22,3.6,USD
AVGO-RM,2021-09-22,3.6,USD
AVGO-RM,2021-12-22,4.1,USD
AVGO-RM,2022-03-22,4.1,USD
POLY,2022-05-06,0.52,USD
KAZT,2022-05-23,17.4,RUR
SBUX-RM,2022-05-13,0.49,USD
T-RM,2022-04-14,0.278,USD
KZOSP,2021-09-20,0.25,RUR
MU-RM,2022-01-03,0.1,USD
MU-RM,2022-04-11,0.1,USD
PTR-RM,2022-06-17,1.341,USD
KAZTP,2019-05-07,5.0,RUR
KAZTP,2019-09-23,1.0,RUR
KAZTP,2019-12-29,1.0,RUR
KAZTP,2021-05-11,6.85,RUR
KAZTP,2021-12-22,10.0,RUR
KAZTP,2022-05-23,17.4,RUR
BELU,2022-06-17,47.24,RUR
PG-RM,2022-01-21,0.87,USD
PG-RM,2022-04-22,0.913,USD
F-RM,2022-04-26,0.1,USD
KUZB,2015-07-13,0.00063353907,RUR
KUZB,2017-05-09,0.00088875099,RUR
KUZB,2017-10-09,0.0001777502,RUR
KUZB,2019-06-01,0.00084431345,RUR
KUZB,2019-11-19,0.00066656324,RUR
KUZB,2021-05-24,0.00146643915,RUR
COST-RM,2022-04-29,0.9,USD
JNJ-RM,2022-05-24,1.13,USD
CAT-RM,2022-04-25,1.11,USD
QCOM-RM,2022-06-02,0.75,USD
INTC-RM,2022-02-07,0.365,USD
INTC-RM,2022-05-07,0.365,USD
PMSBP,2022-05-22,14.0,RUR
